STANCE_INDEX,ACTUAL_STANCE,PREDICT_STANCE
0,unrelated,unrelated
1,unrelated,unrelated
2,unrelated,unrelated
3,unrelated,unrelated
4,discuss,discuss
5,unrelated,unrelated
6,unrelated,unrelated
7,unrelated,unrelated
8,discuss,discuss
9,unrelated,unrelated
10,unrelated,unrelated
11,discuss,discuss
12,unrelated,unrelated
13,discuss,discuss
14,unrelated,unrelated
15,unrelated,unrelated
16,unrelated,unrelated
17,unrelated,unrelated
18,unrelated,unrelated
19,unrelated,unrelated
20,unrelated,unrelated
21,unrelated,unrelated
22,unrelated,unrelated
23,unrelated,unrelated
24,unrelated,unrelated
25,unrelated,unrelated
26,unrelated,unrelated
27,unrelated,unrelated
28,unrelated,unrelated
29,unrelated,unrelated
30,unrelated,unrelated
31,unrelated,unrelated
32,unrelated,unrelated
33,unrelated,unrelated
34,unrelated,unrelated
35,discuss,discuss
36,unrelated,unrelated
37,unrelated,unrelated
38,unrelated,unrelated
39,discuss,discuss
40,unrelated,unrelated
41,unrelated,unrelated
42,unrelated,unrelated
43,unrelated,unrelated
44,discuss,discuss
45,discuss,discuss
46,unrelated,unrelated
47,unrelated,unrelated
48,unrelated,unrelated
49,unrelated,unrelated
50,discuss,discuss
51,unrelated,unrelated
52,unrelated,unrelated
53,unrelated,unrelated
54,unrelated,unrelated
55,unrelated,unrelated
56,unrelated,unrelated
57,unrelated,unrelated
58,unrelated,unrelated
59,unrelated,unrelated
60,unrelated,unrelated
61,unrelated,unrelated
62,unrelated,unrelated
63,unrelated,unrelated
64,unrelated,unrelated
65,discuss,discuss
66,unrelated,unrelated
67,unrelated,unrelated
68,discuss,discuss
69,unrelated,unrelated
70,unrelated,unrelated
71,unrelated,unrelated
72,unrelated,unrelated
73,discuss,discuss
74,unrelated,unrelated
75,unrelated,unrelated
76,unrelated,unrelated
77,unrelated,unrelated
78,unrelated,unrelated
79,unrelated,unrelated
80,unrelated,unrelated
81,unrelated,unrelated
82,unrelated,unrelated
83,unrelated,unrelated
84,unrelated,unrelated
85,unrelated,unrelated
86,unrelated,unrelated
87,unrelated,unrelated
88,unrelated,unrelated
89,unrelated,unrelated
90,unrelated,unrelated
91,unrelated,unrelated
92,unrelated,unrelated
93,unrelated,unrelated
94,unrelated,unrelated
95,agree,agree
96,unrelated,unrelated
97,unrelated,unrelated
98,unrelated,unrelated
99,unrelated,unrelated
100,unrelated,unrelated
101,unrelated,unrelated
102,unrelated,unrelated
103,unrelated,unrelated
104,unrelated,unrelated
105,unrelated,unrelated
106,unrelated,unrelated
107,unrelated,unrelated
108,unrelated,unrelated
109,unrelated,unrelated
110,unrelated,unrelated
111,unrelated,unrelated
112,unrelated,unrelated
113,unrelated,unrelated
114,unrelated,unrelated
115,unrelated,unrelated
116,unrelated,unrelated
117,unrelated,unrelated
118,unrelated,unrelated
119,unrelated,unrelated
120,unrelated,unrelated
121,unrelated,unrelated
122,unrelated,unrelated
123,unrelated,unrelated
124,unrelated,unrelated
125,unrelated,unrelated
126,unrelated,unrelated
127,unrelated,unrelated
128,unrelated,unrelated
129,unrelated,unrelated
130,unrelated,unrelated
131,unrelated,unrelated
132,unrelated,unrelated
133,unrelated,unrelated
134,unrelated,unrelated
135,unrelated,unrelated
136,unrelated,unrelated
137,unrelated,unrelated
138,unrelated,unrelated
139,unrelated,unrelated
140,unrelated,unrelated
141,unrelated,unrelated
142,unrelated,unrelated
143,unrelated,unrelated
144,unrelated,unrelated
145,unrelated,unrelated
146,unrelated,unrelated
147,unrelated,unrelated
148,unrelated,unrelated
149,unrelated,unrelated
150,unrelated,unrelated
151,agree,agree
152,unrelated,unrelated
153,unrelated,unrelated
154,unrelated,unrelated
155,unrelated,unrelated
156,unrelated,unrelated
157,unrelated,unrelated
158,unrelated,unrelated
159,unrelated,unrelated
160,unrelated,unrelated
161,agree,discuss
162,unrelated,unrelated
163,unrelated,unrelated
164,unrelated,unrelated
165,unrelated,unrelated
166,unrelated,unrelated
167,discuss,discuss
168,unrelated,unrelated
169,unrelated,unrelated
170,unrelated,unrelated
171,agree,discuss
172,discuss,discuss
173,discuss,discuss
174,unrelated,unrelated
175,discuss,discuss
176,unrelated,unrelated
177,unrelated,unrelated
178,agree,agree
179,unrelated,unrelated
180,agree,discuss
181,unrelated,unrelated
182,unrelated,unrelated
183,discuss,discuss
184,unrelated,unrelated
185,unrelated,unrelated
186,unrelated,unrelated
187,agree,agree
188,unrelated,unrelated
189,unrelated,unrelated
190,unrelated,unrelated
191,unrelated,unrelated
192,discuss,discuss
193,agree,discuss
194,unrelated,unrelated
195,unrelated,unrelated
196,unrelated,unrelated
197,agree,discuss
198,discuss,discuss
199,unrelated,unrelated
200,unrelated,unrelated
201,unrelated,unrelated
202,unrelated,unrelated
203,unrelated,unrelated
204,unrelated,unrelated
205,agree,discuss
206,unrelated,unrelated
207,unrelated,unrelated
208,unrelated,unrelated
209,unrelated,unrelated
210,discuss,discuss
211,unrelated,unrelated
212,unrelated,unrelated
213,unrelated,unrelated
214,unrelated,unrelated
215,unrelated,unrelated
216,discuss,discuss
217,unrelated,unrelated
218,unrelated,unrelated
219,unrelated,unrelated
220,unrelated,unrelated
221,unrelated,unrelated
222,unrelated,unrelated
223,unrelated,unrelated
224,unrelated,unrelated
225,unrelated,unrelated
226,unrelated,unrelated
227,unrelated,unrelated
228,unrelated,unrelated
229,unrelated,unrelated
230,unrelated,unrelated
231,unrelated,unrelated
232,unrelated,unrelated
233,unrelated,unrelated
234,unrelated,unrelated
235,unrelated,unrelated
236,unrelated,unrelated
237,unrelated,unrelated
238,unrelated,unrelated
239,unrelated,unrelated
240,unrelated,unrelated
241,unrelated,unrelated
242,unrelated,unrelated
243,unrelated,unrelated
244,unrelated,unrelated
245,unrelated,unrelated
246,discuss,discuss
247,unrelated,unrelated
248,unrelated,unrelated
249,unrelated,unrelated
250,unrelated,unrelated
251,unrelated,unrelated
252,unrelated,unrelated
253,unrelated,unrelated
254,unrelated,unrelated
255,unrelated,unrelated
256,unrelated,unrelated
257,unrelated,unrelated
258,unrelated,unrelated
259,unrelated,unrelated
260,unrelated,unrelated
261,unrelated,unrelated
262,unrelated,unrelated
263,unrelated,unrelated
264,unrelated,unrelated
265,unrelated,unrelated
266,unrelated,unrelated
267,unrelated,unrelated
268,unrelated,unrelated
269,unrelated,unrelated
270,unrelated,unrelated
271,unrelated,unrelated
272,unrelated,unrelated
273,unrelated,unrelated
274,unrelated,unrelated
275,unrelated,unrelated
276,unrelated,unrelated
277,unrelated,unrelated
278,unrelated,unrelated
279,unrelated,unrelated
280,unrelated,unrelated
281,unrelated,unrelated
282,unrelated,unrelated
283,unrelated,unrelated
284,unrelated,unrelated
285,discuss,discuss
286,discuss,discuss
287,unrelated,unrelated
288,unrelated,unrelated
289,discuss,discuss
290,unrelated,unrelated
291,discuss,discuss
292,discuss,discuss
293,unrelated,unrelated
294,unrelated,unrelated
295,unrelated,unrelated
296,discuss,discuss
297,discuss,discuss
298,unrelated,unrelated
299,unrelated,unrelated
300,discuss,discuss
301,discuss,discuss
302,unrelated,unrelated
303,unrelated,unrelated
304,discuss,discuss
305,discuss,discuss
306,unrelated,unrelated
307,discuss,discuss
308,unrelated,unrelated
309,unrelated,unrelated
310,discuss,discuss
311,unrelated,unrelated
312,discuss,discuss
313,unrelated,unrelated
314,unrelated,unrelated
315,discuss,discuss
316,discuss,discuss
317,unrelated,unrelated
318,discuss,discuss
319,unrelated,unrelated
320,unrelated,unrelated
321,discuss,discuss
322,discuss,discuss
323,discuss,discuss
324,discuss,discuss
325,unrelated,unrelated
326,unrelated,unrelated
327,unrelated,unrelated
328,unrelated,unrelated
329,discuss,discuss
330,unrelated,unrelated
331,unrelated,unrelated
332,discuss,unrelated
333,unrelated,unrelated
334,unrelated,unrelated
335,agree,agree
336,unrelated,agree
337,unrelated,unrelated
338,unrelated,unrelated
339,unrelated,unrelated
340,discuss,discuss
341,unrelated,unrelated
342,unrelated,unrelated
343,discuss,discuss
344,unrelated,unrelated
345,unrelated,unrelated
346,unrelated,unrelated
347,unrelated,unrelated
348,unrelated,unrelated
349,unrelated,unrelated
350,unrelated,unrelated
351,unrelated,unrelated
352,unrelated,unrelated
353,unrelated,unrelated
354,unrelated,unrelated
355,unrelated,unrelated
356,unrelated,unrelated
357,unrelated,unrelated
358,unrelated,unrelated
359,unrelated,unrelated
360,unrelated,unrelated
361,unrelated,unrelated
362,unrelated,unrelated
363,unrelated,unrelated
364,agree,discuss
365,unrelated,unrelated
366,agree,disagree
367,unrelated,unrelated
368,unrelated,unrelated
369,unrelated,unrelated
370,unrelated,unrelated
371,unrelated,unrelated
372,unrelated,unrelated
373,unrelated,unrelated
374,unrelated,unrelated
375,unrelated,agree
376,unrelated,unrelated
377,unrelated,unrelated
378,unrelated,unrelated
379,unrelated,unrelated
380,agree,agree
381,agree,disagree
382,unrelated,unrelated
383,unrelated,unrelated
384,unrelated,unrelated
385,unrelated,unrelated
386,agree,discuss
387,unrelated,unrelated
388,agree,discuss
389,unrelated,unrelated
390,unrelated,unrelated
391,unrelated,unrelated
392,unrelated,unrelated
393,unrelated,unrelated
394,unrelated,unrelated
395,unrelated,unrelated
396,agree,disagree
397,unrelated,unrelated
398,unrelated,unrelated
399,unrelated,unrelated
400,unrelated,unrelated
401,agree,disagree
402,unrelated,unrelated
403,unrelated,unrelated
404,agree,disagree
405,unrelated,unrelated
406,unrelated,unrelated
407,unrelated,unrelated
408,unrelated,unrelated
409,unrelated,unrelated
410,unrelated,unrelated
411,unrelated,unrelated
412,unrelated,unrelated
413,unrelated,unrelated
414,agree,discuss
415,agree,disagree
416,unrelated,unrelated
417,unrelated,unrelated
418,unrelated,unrelated
419,agree,discuss
420,unrelated,unrelated
421,unrelated,unrelated
422,agree,disagree
423,unrelated,unrelated
424,unrelated,unrelated
425,unrelated,unrelated
426,unrelated,unrelated
427,unrelated,unrelated
428,unrelated,unrelated
429,unrelated,unrelated
430,unrelated,unrelated
431,unrelated,unrelated
432,unrelated,unrelated
433,unrelated,unrelated
434,unrelated,unrelated
435,unrelated,unrelated
436,unrelated,unrelated
437,unrelated,unrelated
438,unrelated,unrelated
439,unrelated,discuss
440,unrelated,unrelated
441,unrelated,unrelated
442,unrelated,unrelated
443,unrelated,unrelated
444,unrelated,unrelated
445,agree,discuss
446,unrelated,unrelated
447,unrelated,unrelated
448,unrelated,unrelated
449,unrelated,unrelated
450,unrelated,unrelated
451,agree,agree
452,unrelated,unrelated
453,unrelated,unrelated
454,unrelated,unrelated
455,disagree,discuss
456,unrelated,unrelated
457,agree,discuss
458,unrelated,unrelated
459,unrelated,unrelated
460,unrelated,unrelated
461,unrelated,unrelated
462,unrelated,unrelated
463,unrelated,unrelated
464,unrelated,unrelated
465,discuss,discuss
466,unrelated,unrelated
467,unrelated,unrelated
468,unrelated,unrelated
469,unrelated,unrelated
470,unrelated,unrelated
471,unrelated,unrelated
472,unrelated,unrelated
473,unrelated,unrelated
474,unrelated,unrelated
475,unrelated,unrelated
476,unrelated,unrelated
477,unrelated,unrelated
478,unrelated,unrelated
479,unrelated,unrelated
480,unrelated,unrelated
481,unrelated,unrelated
482,unrelated,unrelated
483,unrelated,unrelated
484,unrelated,unrelated
485,unrelated,unrelated
486,unrelated,unrelated
487,unrelated,unrelated
488,unrelated,unrelated
489,unrelated,unrelated
490,unrelated,unrelated
491,unrelated,unrelated
492,unrelated,unrelated
493,unrelated,unrelated
494,unrelated,unrelated
495,unrelated,unrelated
496,unrelated,unrelated
497,unrelated,unrelated
498,unrelated,unrelated
499,unrelated,unrelated
500,unrelated,unrelated
501,unrelated,unrelated
502,unrelated,unrelated
503,unrelated,unrelated
504,unrelated,unrelated
505,unrelated,unrelated
506,unrelated,unrelated
507,unrelated,unrelated
508,unrelated,unrelated
509,unrelated,unrelated
510,unrelated,unrelated
511,unrelated,unrelated
512,unrelated,unrelated
513,unrelated,unrelated
514,unrelated,unrelated
515,discuss,discuss
516,unrelated,unrelated
517,unrelated,unrelated
518,unrelated,unrelated
519,unrelated,unrelated
520,unrelated,unrelated
521,unrelated,unrelated
522,unrelated,unrelated
523,unrelated,unrelated
524,unrelated,unrelated
525,unrelated,unrelated
526,unrelated,unrelated
527,unrelated,unrelated
528,unrelated,unrelated
529,unrelated,unrelated
530,unrelated,unrelated
531,unrelated,unrelated
532,unrelated,unrelated
533,unrelated,unrelated
534,agree,discuss
535,unrelated,unrelated
536,unrelated,unrelated
537,unrelated,unrelated
538,unrelated,unrelated
539,unrelated,unrelated
540,unrelated,unrelated
541,unrelated,unrelated
542,unrelated,unrelated
543,unrelated,unrelated
544,unrelated,unrelated
545,unrelated,unrelated
546,unrelated,unrelated
547,unrelated,unrelated
548,unrelated,unrelated
549,unrelated,unrelated
550,unrelated,unrelated
551,unrelated,unrelated
552,unrelated,unrelated
553,unrelated,unrelated
554,unrelated,unrelated
555,unrelated,unrelated
556,unrelated,unrelated
557,unrelated,unrelated
558,unrelated,discuss
559,unrelated,unrelated
560,unrelated,unrelated
561,unrelated,unrelated
562,unrelated,unrelated
563,unrelated,unrelated
564,unrelated,unrelated
565,unrelated,unrelated
566,unrelated,unrelated
567,unrelated,unrelated
568,unrelated,unrelated
569,unrelated,unrelated
570,unrelated,unrelated
571,unrelated,unrelated
572,unrelated,unrelated
573,unrelated,unrelated
574,unrelated,unrelated
575,unrelated,unrelated
576,unrelated,unrelated
577,unrelated,unrelated
578,unrelated,unrelated
579,unrelated,unrelated
580,unrelated,unrelated
581,unrelated,unrelated
582,unrelated,unrelated
583,unrelated,unrelated
584,unrelated,unrelated
585,unrelated,unrelated
586,unrelated,unrelated
587,discuss,discuss
588,unrelated,unrelated
589,unrelated,unrelated
590,unrelated,unrelated
591,unrelated,unrelated
592,unrelated,unrelated
593,unrelated,unrelated
594,unrelated,unrelated
595,unrelated,unrelated
596,unrelated,unrelated
597,unrelated,unrelated
598,unrelated,unrelated
599,unrelated,unrelated
600,unrelated,unrelated
601,unrelated,unrelated
602,unrelated,unrelated
603,unrelated,unrelated
604,unrelated,unrelated
605,unrelated,unrelated
606,unrelated,unrelated
607,unrelated,unrelated
608,unrelated,unrelated
609,unrelated,discuss
610,unrelated,unrelated
611,unrelated,unrelated
612,unrelated,unrelated
613,discuss,discuss
614,unrelated,unrelated
615,unrelated,unrelated
616,unrelated,unrelated
617,unrelated,unrelated
618,unrelated,unrelated
619,discuss,discuss
620,unrelated,unrelated
621,unrelated,unrelated
622,unrelated,unrelated
623,unrelated,unrelated
624,unrelated,unrelated
625,unrelated,unrelated
626,unrelated,unrelated
627,unrelated,unrelated
628,unrelated,unrelated
629,unrelated,unrelated
630,discuss,discuss
631,unrelated,unrelated
632,unrelated,unrelated
633,unrelated,unrelated
634,unrelated,unrelated
635,discuss,unrelated
636,unrelated,unrelated
637,unrelated,unrelated
638,unrelated,unrelated
639,unrelated,unrelated
640,unrelated,unrelated
641,unrelated,unrelated
642,unrelated,unrelated
643,discuss,discuss
644,unrelated,unrelated
645,unrelated,unrelated
646,discuss,discuss
647,unrelated,unrelated
648,unrelated,unrelated
649,unrelated,discuss
650,unrelated,unrelated
651,unrelated,unrelated
652,unrelated,unrelated
653,unrelated,unrelated
654,unrelated,unrelated
655,unrelated,unrelated
656,unrelated,unrelated
657,unrelated,unrelated
658,discuss,discuss
659,unrelated,unrelated
660,unrelated,unrelated
661,unrelated,unrelated
662,unrelated,unrelated
663,unrelated,unrelated
664,unrelated,unrelated
665,unrelated,unrelated
666,unrelated,unrelated
667,unrelated,unrelated
668,unrelated,unrelated
669,unrelated,unrelated
670,unrelated,unrelated
671,discuss,discuss
672,unrelated,unrelated
673,unrelated,unrelated
674,unrelated,unrelated
675,unrelated,unrelated
676,unrelated,unrelated
677,unrelated,unrelated
678,unrelated,unrelated
679,unrelated,unrelated
680,unrelated,unrelated
681,unrelated,unrelated
682,unrelated,unrelated
683,unrelated,unrelated
684,unrelated,unrelated
685,unrelated,unrelated
686,unrelated,unrelated
687,unrelated,unrelated
688,discuss,discuss
689,unrelated,unrelated
690,discuss,discuss
691,unrelated,unrelated
692,unrelated,unrelated
693,unrelated,unrelated
694,unrelated,unrelated
695,unrelated,unrelated
696,unrelated,unrelated
697,unrelated,unrelated
698,unrelated,unrelated
699,unrelated,unrelated
700,unrelated,unrelated
701,unrelated,unrelated
702,unrelated,unrelated
703,discuss,discuss
704,unrelated,unrelated
705,unrelated,unrelated
706,discuss,discuss
707,discuss,discuss
708,unrelated,unrelated
709,unrelated,unrelated
710,unrelated,unrelated
711,discuss,discuss
712,discuss,discuss
713,unrelated,unrelated
714,unrelated,unrelated
715,discuss,discuss
716,discuss,discuss
717,unrelated,unrelated
718,discuss,discuss
719,discuss,discuss
720,unrelated,unrelated
721,discuss,discuss
722,discuss,discuss
723,discuss,discuss
724,unrelated,unrelated
725,discuss,discuss
726,discuss,discuss
727,discuss,discuss
728,discuss,discuss
729,discuss,discuss
730,discuss,discuss
731,unrelated,unrelated
732,unrelated,unrelated
733,agree,discuss
734,agree,discuss
735,unrelated,unrelated
736,discuss,discuss
737,unrelated,unrelated
738,unrelated,unrelated
739,unrelated,unrelated
740,unrelated,unrelated
741,unrelated,unrelated
742,discuss,discuss
743,agree,discuss
744,unrelated,unrelated
745,unrelated,unrelated
746,agree,agree
747,unrelated,unrelated
748,unrelated,unrelated
749,unrelated,unrelated
750,discuss,discuss
751,unrelated,unrelated
752,unrelated,unrelated
753,discuss,discuss
754,unrelated,unrelated
755,discuss,discuss
756,unrelated,unrelated
757,unrelated,unrelated
758,unrelated,unrelated
759,unrelated,unrelated
760,unrelated,unrelated
761,unrelated,unrelated
762,unrelated,unrelated
763,unrelated,unrelated
764,discuss,discuss
765,agree,discuss
766,agree,discuss
767,agree,agree
768,discuss,discuss
769,unrelated,unrelated
770,unrelated,unrelated
771,discuss,discuss
772,unrelated,unrelated
773,discuss,discuss
774,unrelated,unrelated
775,unrelated,unrelated
776,unrelated,unrelated
777,discuss,discuss
778,unrelated,unrelated
779,discuss,discuss
780,unrelated,unrelated
781,unrelated,unrelated
782,unrelated,unrelated
783,unrelated,unrelated
784,unrelated,unrelated
785,unrelated,unrelated
786,discuss,discuss
787,unrelated,unrelated
788,unrelated,unrelated
789,discuss,discuss
790,discuss,discuss
791,discuss,discuss
792,unrelated,unrelated
793,unrelated,unrelated
794,unrelated,unrelated
795,unrelated,unrelated
796,unrelated,unrelated
797,unrelated,unrelated
798,unrelated,unrelated
799,discuss,discuss
800,unrelated,unrelated
801,unrelated,unrelated
802,unrelated,unrelated
803,unrelated,unrelated
804,unrelated,unrelated
805,unrelated,unrelated
806,unrelated,unrelated
807,unrelated,unrelated
808,unrelated,unrelated
809,unrelated,unrelated
810,discuss,discuss
811,unrelated,unrelated
812,unrelated,unrelated
813,discuss,discuss
814,unrelated,unrelated
815,unrelated,unrelated
816,agree,agree
817,unrelated,unrelated
818,unrelated,unrelated
819,agree,agree
820,discuss,discuss
821,discuss,discuss
822,discuss,discuss
823,unrelated,unrelated
824,discuss,discuss
825,unrelated,unrelated
826,unrelated,unrelated
827,unrelated,unrelated
828,discuss,discuss
829,unrelated,unrelated
830,discuss,discuss
831,unrelated,unrelated
832,unrelated,unrelated
833,unrelated,unrelated
834,unrelated,unrelated
835,unrelated,unrelated
836,unrelated,unrelated
837,discuss,discuss
838,unrelated,unrelated
839,unrelated,unrelated
840,unrelated,unrelated
841,unrelated,unrelated
842,discuss,discuss
843,unrelated,unrelated
844,unrelated,unrelated
845,unrelated,unrelated
846,unrelated,unrelated
847,discuss,discuss
848,unrelated,unrelated
849,unrelated,unrelated
850,unrelated,unrelated
851,unrelated,unrelated
852,unrelated,unrelated
853,unrelated,unrelated
854,unrelated,unrelated
855,unrelated,unrelated
856,unrelated,unrelated
857,unrelated,unrelated
858,discuss,discuss
859,unrelated,unrelated
860,unrelated,unrelated
861,unrelated,unrelated
862,unrelated,unrelated
863,unrelated,unrelated
864,unrelated,unrelated
865,unrelated,unrelated
866,unrelated,unrelated
867,unrelated,unrelated
868,unrelated,unrelated
869,unrelated,unrelated
870,unrelated,unrelated
871,unrelated,unrelated
872,unrelated,unrelated
873,unrelated,unrelated
874,discuss,discuss
875,unrelated,unrelated
876,unrelated,unrelated
877,unrelated,unrelated
878,unrelated,unrelated
879,unrelated,unrelated
880,unrelated,unrelated
881,unrelated,unrelated
882,unrelated,unrelated
883,unrelated,unrelated
884,unrelated,unrelated
885,unrelated,unrelated
886,unrelated,unrelated
887,unrelated,unrelated
888,unrelated,unrelated
889,unrelated,unrelated
890,unrelated,unrelated
891,unrelated,unrelated
892,unrelated,unrelated
893,unrelated,unrelated
894,unrelated,unrelated
895,unrelated,unrelated
896,unrelated,unrelated
897,unrelated,unrelated
898,discuss,discuss
899,unrelated,unrelated
900,unrelated,unrelated
901,unrelated,unrelated
902,unrelated,unrelated
903,unrelated,unrelated
904,unrelated,unrelated
905,unrelated,unrelated
906,unrelated,unrelated
907,unrelated,unrelated
908,unrelated,unrelated
909,unrelated,unrelated
910,discuss,discuss
911,unrelated,unrelated
912,unrelated,unrelated
913,unrelated,unrelated
914,unrelated,unrelated
915,discuss,discuss
916,unrelated,unrelated
917,unrelated,unrelated
918,discuss,discuss
919,unrelated,unrelated
920,unrelated,unrelated
921,agree,agree
922,disagree,disagree
923,agree,agree
924,disagree,disagree
925,agree,agree
926,disagree,agree
927,agree,agree
928,discuss,discuss
929,disagree,disagree
930,disagree,disagree
931,agree,unrelated
932,discuss,agree
933,agree,agree
934,discuss,agree
935,discuss,discuss
936,disagree,disagree
937,agree,agree
938,discuss,discuss
939,disagree,disagree
940,disagree,disagree
941,agree,agree
942,unrelated,unrelated
943,unrelated,unrelated
944,unrelated,unrelated
945,unrelated,unrelated
946,unrelated,unrelated
947,unrelated,unrelated
948,unrelated,unrelated
949,unrelated,unrelated
950,unrelated,unrelated
951,unrelated,unrelated
952,unrelated,unrelated
953,unrelated,unrelated
954,unrelated,unrelated
955,agree,agree
956,unrelated,unrelated
957,unrelated,unrelated
958,unrelated,unrelated
959,unrelated,unrelated
960,unrelated,unrelated
961,unrelated,unrelated
962,unrelated,unrelated
963,unrelated,unrelated
964,unrelated,unrelated
965,unrelated,unrelated
966,unrelated,unrelated
967,agree,agree
968,agree,discuss
969,unrelated,unrelated
970,unrelated,unrelated
971,unrelated,unrelated
972,unrelated,unrelated
973,unrelated,unrelated
974,unrelated,unrelated
975,agree,agree
976,unrelated,unrelated
977,unrelated,unrelated
978,agree,discuss
979,unrelated,unrelated
980,unrelated,unrelated
981,agree,agree
982,unrelated,unrelated
983,unrelated,unrelated
984,unrelated,unrelated
985,agree,agree
986,unrelated,unrelated
987,unrelated,unrelated
988,unrelated,unrelated
989,unrelated,unrelated
990,agree,agree
991,unrelated,unrelated
992,unrelated,unrelated
993,unrelated,unrelated
994,unrelated,unrelated
995,unrelated,unrelated
996,unrelated,unrelated
997,unrelated,unrelated
998,agree,agree
999,unrelated,unrelated
1000,unrelated,unrelated
1001,unrelated,unrelated
1002,unrelated,unrelated
1003,unrelated,unrelated
1004,unrelated,unrelated
1005,unrelated,unrelated
1006,discuss,discuss
1007,unrelated,unrelated
1008,unrelated,unrelated
1009,unrelated,unrelated
1010,unrelated,unrelated
1011,agree,agree
1012,unrelated,unrelated
1013,unrelated,unrelated
1014,agree,agree
1015,unrelated,unrelated
1016,unrelated,unrelated
1017,unrelated,unrelated
1018,unrelated,unrelated
1019,unrelated,unrelated
1020,unrelated,unrelated
1021,unrelated,unrelated
1022,agree,unrelated
1023,agree,agree
1024,unrelated,unrelated
1025,unrelated,unrelated
1026,unrelated,unrelated
1027,unrelated,unrelated
1028,unrelated,unrelated
1029,unrelated,unrelated
1030,agree,unrelated
1031,unrelated,unrelated
1032,unrelated,unrelated
1033,unrelated,unrelated
1034,unrelated,unrelated
1035,agree,agree
1036,unrelated,unrelated
1037,unrelated,unrelated
1038,agree,agree
1039,unrelated,unrelated
1040,unrelated,unrelated
1041,unrelated,unrelated
1042,discuss,agree
1043,unrelated,unrelated
1044,unrelated,unrelated
1045,unrelated,unrelated
1046,unrelated,unrelated
1047,unrelated,unrelated
1048,agree,agree
1049,agree,agree
1050,unrelated,unrelated
1051,unrelated,unrelated
1052,unrelated,unrelated
1053,agree,agree
1054,unrelated,unrelated
1055,unrelated,unrelated
1056,agree,agree
1057,unrelated,unrelated
1058,unrelated,unrelated
1059,unrelated,unrelated
1060,unrelated,unrelated
1061,unrelated,unrelated
1062,unrelated,unrelated
1063,unrelated,unrelated
1064,unrelated,unrelated
1065,unrelated,unrelated
1066,agree,agree
1067,unrelated,unrelated
1068,unrelated,unrelated
1069,unrelated,unrelated
1070,unrelated,unrelated
1071,unrelated,unrelated
1072,agree,agree
1073,unrelated,unrelated
1074,agree,agree
1075,unrelated,unrelated
1076,unrelated,unrelated
1077,unrelated,discuss
1078,disagree,disagree
1079,agree,agree
1080,unrelated,unrelated
1081,unrelated,unrelated
1082,agree,agree
1083,unrelated,unrelated
1084,unrelated,unrelated
1085,unrelated,unrelated
1086,unrelated,unrelated
1087,unrelated,unrelated
1088,unrelated,unrelated
1089,unrelated,unrelated
1090,unrelated,unrelated
1091,unrelated,unrelated
1092,unrelated,unrelated
1093,unrelated,unrelated
1094,unrelated,unrelated
1095,unrelated,unrelated
1096,agree,agree
1097,unrelated,unrelated
1098,unrelated,unrelated
1099,unrelated,unrelated
1100,discuss,discuss
1101,discuss,discuss
1102,discuss,discuss
1103,unrelated,unrelated
1104,unrelated,unrelated
1105,unrelated,unrelated
1106,unrelated,unrelated
1107,discuss,discuss
1108,discuss,discuss
1109,discuss,discuss
1110,discuss,discuss
1111,discuss,discuss
1112,unrelated,unrelated
1113,unrelated,unrelated
1114,unrelated,unrelated
1115,unrelated,unrelated
1116,unrelated,unrelated
1117,unrelated,unrelated
1118,unrelated,unrelated
1119,unrelated,unrelated
1120,unrelated,unrelated
1121,unrelated,unrelated
1122,discuss,discuss
1123,unrelated,unrelated
1124,unrelated,unrelated
1125,discuss,discuss
1126,unrelated,unrelated
1127,unrelated,unrelated
1128,unrelated,unrelated
1129,unrelated,unrelated
1130,unrelated,unrelated
1131,unrelated,unrelated
1132,discuss,discuss
1133,discuss,discuss
1134,unrelated,unrelated
1135,discuss,discuss
1136,unrelated,unrelated
1137,discuss,discuss
1138,discuss,unrelated
1139,unrelated,unrelated
1140,unrelated,unrelated
1141,unrelated,unrelated
1142,unrelated,unrelated
1143,unrelated,unrelated
1144,unrelated,unrelated
1145,discuss,discuss
1146,unrelated,unrelated
1147,discuss,discuss
1148,discuss,discuss
1149,unrelated,unrelated
1150,discuss,discuss
1151,unrelated,unrelated
1152,unrelated,unrelated
1153,unrelated,unrelated
1154,discuss,discuss
1155,discuss,discuss
1156,discuss,discuss
1157,unrelated,unrelated
1158,unrelated,unrelated
1159,unrelated,unrelated
1160,discuss,discuss
1161,discuss,discuss
1162,discuss,discuss
1163,discuss,discuss
1164,discuss,discuss
1165,discuss,discuss
1166,discuss,discuss
1167,unrelated,unrelated
1168,unrelated,unrelated
1169,unrelated,unrelated
1170,unrelated,unrelated
1171,unrelated,unrelated
1172,unrelated,unrelated
1173,unrelated,unrelated
1174,unrelated,unrelated
1175,unrelated,unrelated
1176,unrelated,unrelated
1177,unrelated,unrelated
1178,unrelated,unrelated
1179,unrelated,unrelated
1180,unrelated,unrelated
1181,unrelated,unrelated
1182,unrelated,unrelated
1183,unrelated,unrelated
1184,unrelated,unrelated
1185,unrelated,unrelated
1186,unrelated,unrelated
1187,unrelated,unrelated
1188,unrelated,unrelated
1189,unrelated,unrelated
1190,agree,agree
1191,unrelated,unrelated
1192,unrelated,unrelated
1193,unrelated,unrelated
1194,unrelated,unrelated
1195,unrelated,unrelated
1196,unrelated,unrelated
1197,unrelated,unrelated
1198,discuss,discuss
1199,unrelated,unrelated
1200,discuss,discuss
1201,unrelated,unrelated
1202,unrelated,discuss
1203,discuss,discuss
1204,unrelated,unrelated
1205,unrelated,unrelated
1206,unrelated,unrelated
1207,unrelated,unrelated
1208,discuss,discuss
1209,unrelated,unrelated
1210,unrelated,unrelated
1211,unrelated,unrelated
1212,unrelated,unrelated
1213,discuss,discuss
1214,unrelated,unrelated
1215,unrelated,unrelated
1216,unrelated,unrelated
1217,unrelated,unrelated
1218,unrelated,unrelated
1219,unrelated,unrelated
1220,unrelated,unrelated
1221,discuss,discuss
1222,unrelated,discuss
1223,discuss,discuss
1224,unrelated,unrelated
1225,agree,agree
1226,agree,agree
1227,unrelated,unrelated
1228,unrelated,unrelated
1229,discuss,discuss
1230,unrelated,unrelated
1231,unrelated,unrelated
1232,unrelated,unrelated
1233,unrelated,unrelated
1234,unrelated,unrelated
1235,unrelated,unrelated
1236,unrelated,unrelated
1237,unrelated,unrelated
1238,agree,agree
1239,discuss,agree
1240,unrelated,unrelated
1241,unrelated,unrelated
1242,unrelated,unrelated
1243,unrelated,unrelated
1244,agree,agree
1245,unrelated,unrelated
1246,discuss,discuss
1247,unrelated,unrelated
1248,unrelated,unrelated
1249,unrelated,unrelated
1250,unrelated,unrelated
1251,unrelated,unrelated
1252,unrelated,unrelated
1253,unrelated,unrelated
1254,unrelated,unrelated
1255,agree,agree
1256,agree,agree
1257,unrelated,unrelated
1258,unrelated,unrelated
1259,unrelated,unrelated
1260,agree,agree
1261,unrelated,unrelated
1262,unrelated,unrelated
1263,agree,agree
1264,unrelated,unrelated
1265,unrelated,unrelated
1266,unrelated,unrelated
1267,unrelated,unrelated
1268,unrelated,unrelated
1269,unrelated,unrelated
1270,unrelated,unrelated
1271,unrelated,unrelated
1272,unrelated,unrelated
1273,unrelated,unrelated
1274,unrelated,unrelated
1275,unrelated,unrelated
1276,unrelated,unrelated
1277,unrelated,unrelated
1278,unrelated,unrelated
1279,unrelated,unrelated
1280,unrelated,unrelated
1281,unrelated,unrelated
1282,unrelated,unrelated
1283,unrelated,unrelated
1284,unrelated,unrelated
1285,agree,agree
1286,unrelated,unrelated
1287,unrelated,unrelated
1288,unrelated,unrelated
1289,unrelated,unrelated
1290,unrelated,unrelated
1291,unrelated,unrelated
1292,unrelated,unrelated
1293,unrelated,unrelated
1294,unrelated,unrelated
1295,unrelated,unrelated
1296,unrelated,unrelated
1297,unrelated,unrelated
1298,unrelated,unrelated
1299,unrelated,unrelated
1300,agree,agree
1301,unrelated,unrelated
1302,unrelated,unrelated
1303,unrelated,unrelated
1304,unrelated,unrelated
1305,agree,agree
1306,unrelated,unrelated
1307,unrelated,unrelated
1308,disagree,agree
1309,agree,agree
1310,discuss,discuss
1311,discuss,disagree
1312,discuss,discuss
1313,disagree,agree
1314,agree,agree
1315,discuss,discuss
1316,discuss,discuss
1317,discuss,discuss
1318,disagree,disagree
1319,discuss,discuss
1320,discuss,discuss
1321,discuss,discuss
1322,agree,agree
1323,discuss,discuss
1324,agree,agree
1325,discuss,discuss
1326,discuss,discuss
1327,discuss,discuss
1328,discuss,agree
1329,discuss,agree
1330,disagree,agree
1331,agree,agree
1332,agree,agree
1333,disagree,discuss
1334,discuss,discuss
1335,agree,agree
1336,disagree,disagree
1337,discuss,discuss
1338,discuss,agree
1339,disagree,disagree
1340,disagree,disagree
1341,discuss,discuss
1342,discuss,discuss
1343,discuss,disagree
1344,discuss,discuss
1345,discuss,disagree
1346,unrelated,unrelated
1347,unrelated,unrelated
1348,unrelated,unrelated
1349,unrelated,unrelated
1350,discuss,unrelated
1351,unrelated,unrelated
1352,unrelated,unrelated
1353,unrelated,unrelated
1354,discuss,unrelated
1355,unrelated,unrelated
1356,unrelated,unrelated
1357,unrelated,unrelated
1358,unrelated,unrelated
1359,unrelated,unrelated
1360,discuss,unrelated
1361,unrelated,unrelated
1362,unrelated,unrelated
1363,unrelated,unrelated
1364,discuss,discuss
1365,unrelated,unrelated
1366,unrelated,unrelated
1367,unrelated,unrelated
1368,unrelated,unrelated
1369,unrelated,unrelated
1370,unrelated,unrelated
1371,unrelated,unrelated
1372,unrelated,unrelated
1373,unrelated,unrelated
1374,unrelated,unrelated
1375,unrelated,unrelated
1376,discuss,unrelated
1377,discuss,discuss
1378,unrelated,unrelated
1379,discuss,unrelated
1380,unrelated,unrelated
1381,unrelated,unrelated
1382,unrelated,unrelated
1383,unrelated,unrelated
1384,unrelated,unrelated
1385,unrelated,unrelated
1386,unrelated,unrelated
1387,unrelated,unrelated
1388,unrelated,unrelated
1389,unrelated,unrelated
1390,unrelated,unrelated
1391,unrelated,unrelated
1392,unrelated,unrelated
1393,unrelated,unrelated
1394,unrelated,unrelated
1395,unrelated,unrelated
1396,unrelated,unrelated
1397,discuss,discuss
1398,unrelated,unrelated
1399,unrelated,unrelated
1400,unrelated,unrelated
1401,unrelated,unrelated
1402,unrelated,unrelated
1403,unrelated,unrelated
1404,unrelated,unrelated
1405,unrelated,unrelated
1406,unrelated,unrelated
1407,unrelated,unrelated
1408,unrelated,unrelated
1409,discuss,unrelated
1410,unrelated,unrelated
1411,unrelated,unrelated
1412,unrelated,unrelated
1413,unrelated,unrelated
1414,unrelated,unrelated
1415,unrelated,unrelated
1416,unrelated,discuss
1417,unrelated,unrelated
1418,unrelated,unrelated
1419,unrelated,unrelated
1420,unrelated,unrelated
1421,discuss,discuss
1422,unrelated,unrelated
1423,unrelated,unrelated
1424,unrelated,unrelated
1425,unrelated,unrelated
1426,unrelated,unrelated
1427,unrelated,unrelated
1428,unrelated,unrelated
1429,unrelated,unrelated
1430,discuss,discuss
1431,unrelated,unrelated
1432,unrelated,unrelated
1433,unrelated,unrelated
1434,unrelated,unrelated
1435,unrelated,unrelated
1436,unrelated,unrelated
1437,unrelated,unrelated
1438,unrelated,unrelated
1439,unrelated,unrelated
1440,unrelated,unrelated
1441,unrelated,unrelated
1442,unrelated,unrelated
1443,unrelated,unrelated
1444,unrelated,unrelated
1445,unrelated,unrelated
1446,unrelated,unrelated
1447,unrelated,unrelated
1448,discuss,discuss
1449,unrelated,unrelated
1450,unrelated,unrelated
1451,discuss,discuss
1452,unrelated,unrelated
1453,unrelated,unrelated
1454,unrelated,unrelated
1455,unrelated,unrelated
1456,unrelated,unrelated
1457,discuss,discuss
1458,unrelated,unrelated
1459,unrelated,unrelated
1460,agree,agree
1461,unrelated,unrelated
1462,disagree,agree
1463,unrelated,unrelated
1464,disagree,agree
1465,unrelated,unrelated
1466,disagree,disagree
1467,agree,agree
1468,disagree,disagree
1469,disagree,disagree
1470,unrelated,unrelated
1471,agree,agree
1472,agree,agree
1473,unrelated,unrelated
1474,disagree,disagree
1475,unrelated,unrelated
1476,unrelated,unrelated
1477,discuss,discuss
1478,discuss,discuss
1479,disagree,agree
1480,unrelated,unrelated
1481,unrelated,unrelated
1482,disagree,disagree
1483,unrelated,unrelated
1484,discuss,discuss
1485,unrelated,unrelated
1486,discuss,discuss
1487,unrelated,unrelated
1488,unrelated,unrelated
1489,unrelated,unrelated
1490,unrelated,unrelated
1491,unrelated,unrelated
1492,unrelated,unrelated
1493,unrelated,unrelated
1494,unrelated,unrelated
1495,unrelated,unrelated
1496,unrelated,unrelated
1497,unrelated,unrelated
1498,unrelated,unrelated
1499,unrelated,unrelated
1500,unrelated,unrelated
1501,discuss,discuss
1502,unrelated,unrelated
1503,unrelated,unrelated
1504,unrelated,unrelated
1505,unrelated,unrelated
1506,unrelated,unrelated
1507,unrelated,unrelated
1508,discuss,discuss
1509,unrelated,unrelated
1510,unrelated,unrelated
1511,unrelated,unrelated
1512,unrelated,unrelated
1513,unrelated,unrelated
1514,unrelated,unrelated
1515,discuss,discuss
1516,unrelated,unrelated
1517,unrelated,unrelated
1518,unrelated,unrelated
1519,unrelated,unrelated
1520,discuss,discuss
1521,discuss,discuss
1522,unrelated,unrelated
1523,unrelated,unrelated
1524,unrelated,unrelated
1525,unrelated,unrelated
1526,unrelated,unrelated
1527,unrelated,unrelated
1528,unrelated,unrelated
1529,unrelated,unrelated
1530,unrelated,unrelated
1531,unrelated,unrelated
1532,unrelated,unrelated
1533,unrelated,unrelated
1534,unrelated,unrelated
1535,unrelated,unrelated
1536,unrelated,unrelated
1537,unrelated,unrelated
1538,unrelated,unrelated
1539,unrelated,unrelated
1540,discuss,agree
1541,discuss,agree
1542,discuss,agree
1543,unrelated,unrelated
1544,unrelated,unrelated
1545,discuss,agree
1546,unrelated,unrelated
1547,unrelated,unrelated
1548,unrelated,unrelated
1549,unrelated,unrelated
1550,unrelated,unrelated
1551,unrelated,unrelated
1552,unrelated,unrelated
1553,unrelated,unrelated
1554,unrelated,unrelated
1555,unrelated,unrelated
1556,unrelated,unrelated
1557,unrelated,unrelated
1558,unrelated,unrelated
1559,unrelated,unrelated
1560,unrelated,unrelated
1561,unrelated,unrelated
1562,unrelated,unrelated
1563,unrelated,unrelated
1564,unrelated,unrelated
1565,unrelated,unrelated
1566,unrelated,unrelated
1567,discuss,agree
1568,unrelated,unrelated
1569,unrelated,unrelated
1570,unrelated,unrelated
1571,unrelated,unrelated
1572,discuss,agree
1573,unrelated,unrelated
1574,unrelated,unrelated
1575,unrelated,unrelated
1576,unrelated,unrelated
1577,discuss,discuss
1578,unrelated,unrelated
1579,unrelated,unrelated
1580,unrelated,unrelated
1581,unrelated,unrelated
1582,unrelated,unrelated
1583,unrelated,unrelated
1584,discuss,agree
1585,discuss,agree
1586,unrelated,unrelated
1587,unrelated,unrelated
1588,unrelated,unrelated
1589,unrelated,unrelated
1590,unrelated,unrelated
1591,unrelated,unrelated
1592,unrelated,unrelated
1593,discuss,discuss
1594,unrelated,unrelated
1595,unrelated,unrelated
1596,unrelated,unrelated
1597,unrelated,unrelated
1598,unrelated,unrelated
1599,unrelated,unrelated
1600,unrelated,unrelated
1601,unrelated,unrelated
1602,unrelated,unrelated
1603,unrelated,unrelated
1604,unrelated,unrelated
1605,unrelated,unrelated
1606,unrelated,unrelated
1607,unrelated,unrelated
1608,discuss,discuss
1609,unrelated,unrelated
1610,unrelated,unrelated
1611,unrelated,unrelated
1612,unrelated,unrelated
1613,discuss,discuss
1614,unrelated,unrelated
1615,unrelated,unrelated
1616,unrelated,unrelated
1617,unrelated,unrelated
1618,unrelated,unrelated
1619,unrelated,unrelated
1620,unrelated,unrelated
1621,unrelated,unrelated
1622,unrelated,unrelated
1623,unrelated,unrelated
1624,unrelated,unrelated
1625,unrelated,unrelated
1626,discuss,discuss
1627,discuss,discuss
1628,unrelated,unrelated
1629,unrelated,unrelated
1630,unrelated,unrelated
1631,discuss,discuss
1632,unrelated,unrelated
1633,discuss,discuss
1634,unrelated,unrelated
1635,unrelated,unrelated
1636,discuss,discuss
1637,unrelated,unrelated
1638,unrelated,unrelated
1639,discuss,discuss
1640,unrelated,unrelated
1641,unrelated,unrelated
1642,unrelated,unrelated
1643,unrelated,unrelated
1644,discuss,discuss
1645,unrelated,unrelated
1646,unrelated,unrelated
1647,unrelated,unrelated
1648,discuss,discuss
1649,unrelated,unrelated
1650,discuss,discuss
1651,discuss,discuss
1652,unrelated,unrelated
1653,unrelated,unrelated
1654,unrelated,unrelated
1655,unrelated,unrelated
1656,unrelated,unrelated
1657,discuss,discuss
1658,discuss,discuss
1659,unrelated,unrelated
1660,unrelated,unrelated
1661,unrelated,unrelated
1662,unrelated,unrelated
1663,unrelated,unrelated
1664,unrelated,unrelated
1665,unrelated,unrelated
1666,unrelated,unrelated
1667,unrelated,unrelated
1668,unrelated,unrelated
1669,unrelated,unrelated
1670,unrelated,unrelated
1671,unrelated,unrelated
1672,unrelated,unrelated
1673,discuss,discuss
1674,discuss,discuss
1675,unrelated,unrelated
1676,unrelated,unrelated
1677,unrelated,unrelated
1678,unrelated,unrelated
1679,unrelated,unrelated
1680,unrelated,unrelated
1681,unrelated,unrelated
1682,unrelated,unrelated
1683,unrelated,unrelated
1684,unrelated,unrelated
1685,unrelated,unrelated
1686,unrelated,unrelated
1687,unrelated,unrelated
1688,unrelated,unrelated
1689,agree,agree
1690,unrelated,unrelated
1691,unrelated,unrelated
1692,unrelated,unrelated
1693,unrelated,unrelated
1694,disagree,agree
1695,unrelated,unrelated
1696,unrelated,unrelated
1697,unrelated,unrelated
1698,unrelated,unrelated
1699,unrelated,unrelated
1700,agree,agree
1701,unrelated,unrelated
1702,unrelated,unrelated
1703,unrelated,unrelated
1704,unrelated,unrelated
1705,unrelated,unrelated
1706,unrelated,unrelated
1707,unrelated,unrelated
1708,unrelated,unrelated
1709,disagree,disagree
1710,unrelated,unrelated
1711,unrelated,unrelated
1712,unrelated,unrelated
1713,unrelated,unrelated
1714,unrelated,unrelated
1715,unrelated,unrelated
1716,disagree,disagree
1717,unrelated,unrelated
1718,unrelated,unrelated
1719,unrelated,unrelated
1720,unrelated,unrelated
1721,unrelated,unrelated
1722,unrelated,unrelated
1723,unrelated,unrelated
1724,unrelated,unrelated
1725,disagree,agree
1726,unrelated,unrelated
1727,disagree,disagree
1728,unrelated,unrelated
1729,unrelated,unrelated
1730,unrelated,unrelated
1731,discuss,discuss
1732,unrelated,unrelated
1733,unrelated,unrelated
1734,agree,agree
1735,unrelated,unrelated
1736,unrelated,unrelated
1737,discuss,discuss
1738,unrelated,unrelated
1739,unrelated,unrelated
1740,unrelated,unrelated
1741,unrelated,unrelated
1742,unrelated,unrelated
1743,unrelated,unrelated
1744,unrelated,unrelated
1745,agree,agree
1746,unrelated,unrelated
1747,unrelated,unrelated
1748,disagree,disagree
1749,unrelated,unrelated
1750,unrelated,unrelated
1751,unrelated,unrelated
1752,unrelated,unrelated
1753,discuss,discuss
1754,unrelated,unrelated
1755,unrelated,unrelated
1756,unrelated,unrelated
1757,discuss,discuss
1758,unrelated,unrelated
1759,unrelated,unrelated
1760,unrelated,unrelated
1761,unrelated,unrelated
1762,unrelated,unrelated
1763,unrelated,unrelated
1764,unrelated,unrelated
1765,unrelated,unrelated
1766,unrelated,unrelated
1767,unrelated,unrelated
1768,unrelated,unrelated
1769,unrelated,unrelated
1770,unrelated,unrelated
1771,unrelated,unrelated
1772,discuss,discuss
1773,agree,discuss
1774,unrelated,unrelated
1775,unrelated,unrelated
1776,unrelated,unrelated
1777,unrelated,unrelated
1778,unrelated,unrelated
1779,unrelated,unrelated
1780,unrelated,unrelated
1781,unrelated,unrelated
1782,unrelated,unrelated
1783,unrelated,unrelated
1784,unrelated,unrelated
1785,unrelated,unrelated
1786,unrelated,unrelated
1787,unrelated,unrelated
1788,unrelated,unrelated
1789,agree,discuss
1790,unrelated,unrelated
1791,unrelated,unrelated
1792,unrelated,unrelated
1793,agree,discuss
1794,unrelated,unrelated
1795,unrelated,unrelated
1796,unrelated,unrelated
1797,unrelated,unrelated
1798,unrelated,unrelated
1799,unrelated,unrelated
1800,unrelated,unrelated
1801,discuss,discuss
1802,unrelated,unrelated
1803,unrelated,unrelated
1804,unrelated,discuss
1805,unrelated,unrelated
1806,unrelated,unrelated
1807,discuss,discuss
1808,unrelated,unrelated
1809,unrelated,unrelated
1810,unrelated,unrelated
1811,unrelated,unrelated
1812,unrelated,unrelated
1813,unrelated,unrelated
1814,unrelated,unrelated
1815,unrelated,unrelated
1816,unrelated,unrelated
1817,unrelated,unrelated
1818,unrelated,unrelated
1819,unrelated,unrelated
1820,agree,discuss
1821,agree,discuss
1822,unrelated,unrelated
1823,unrelated,unrelated
1824,unrelated,unrelated
1825,unrelated,unrelated
1826,unrelated,unrelated
1827,unrelated,unrelated
1828,unrelated,unrelated
1829,unrelated,unrelated
1830,unrelated,unrelated
1831,discuss,discuss
1832,unrelated,unrelated
1833,unrelated,unrelated
1834,unrelated,unrelated
1835,unrelated,unrelated
1836,unrelated,unrelated
1837,unrelated,unrelated
1838,unrelated,unrelated
1839,unrelated,unrelated
1840,unrelated,unrelated
1841,unrelated,unrelated
1842,unrelated,unrelated
1843,unrelated,unrelated
1844,unrelated,unrelated
1845,discuss,discuss
1846,unrelated,unrelated
1847,unrelated,unrelated
1848,unrelated,unrelated
1849,unrelated,unrelated
1850,unrelated,unrelated
1851,unrelated,unrelated
1852,unrelated,unrelated
1853,unrelated,unrelated
1854,unrelated,unrelated
1855,unrelated,unrelated
1856,unrelated,unrelated
1857,unrelated,unrelated
1858,unrelated,unrelated
1859,unrelated,unrelated
1860,unrelated,unrelated
1861,discuss,discuss
1862,unrelated,unrelated
1863,unrelated,unrelated
1864,unrelated,unrelated
1865,unrelated,unrelated
1866,unrelated,unrelated
1867,unrelated,unrelated
1868,unrelated,unrelated
1869,unrelated,unrelated
1870,unrelated,unrelated
1871,unrelated,unrelated
1872,unrelated,unrelated
1873,unrelated,unrelated
1874,unrelated,unrelated
1875,unrelated,unrelated
1876,unrelated,unrelated
1877,unrelated,unrelated
1878,unrelated,unrelated
1879,discuss,discuss
1880,unrelated,unrelated
1881,unrelated,unrelated
1882,unrelated,unrelated
1883,discuss,discuss
1884,unrelated,unrelated
1885,discuss,discuss
1886,unrelated,unrelated
1887,unrelated,unrelated
1888,unrelated,unrelated
1889,discuss,unrelated
1890,unrelated,unrelated
1891,unrelated,unrelated
1892,unrelated,unrelated
1893,unrelated,unrelated
1894,unrelated,unrelated
1895,unrelated,unrelated
1896,unrelated,unrelated
1897,unrelated,unrelated
1898,unrelated,unrelated
1899,discuss,discuss
1900,unrelated,unrelated
1901,unrelated,unrelated
1902,unrelated,unrelated
1903,unrelated,unrelated
1904,unrelated,unrelated
1905,unrelated,unrelated
1906,unrelated,unrelated
1907,unrelated,unrelated
1908,unrelated,unrelated
1909,discuss,discuss
1910,unrelated,unrelated
1911,unrelated,unrelated
1912,unrelated,unrelated
1913,unrelated,unrelated
1914,unrelated,unrelated
1915,unrelated,unrelated
1916,unrelated,unrelated
1917,unrelated,unrelated
1918,unrelated,unrelated
1919,unrelated,unrelated
1920,unrelated,unrelated
1921,unrelated,unrelated
1922,unrelated,unrelated
1923,unrelated,unrelated
1924,unrelated,unrelated
1925,unrelated,unrelated
1926,unrelated,unrelated
1927,discuss,discuss
1928,unrelated,unrelated
1929,unrelated,unrelated
1930,unrelated,unrelated
1931,unrelated,unrelated
1932,unrelated,unrelated
1933,unrelated,unrelated
1934,unrelated,unrelated
1935,unrelated,unrelated
1936,unrelated,unrelated
1937,unrelated,unrelated
1938,unrelated,unrelated
1939,unrelated,unrelated
1940,unrelated,unrelated
1941,unrelated,unrelated
1942,unrelated,unrelated
1943,unrelated,unrelated
1944,unrelated,unrelated
1945,unrelated,unrelated
1946,unrelated,unrelated
1947,unrelated,unrelated
1948,unrelated,unrelated
1949,unrelated,unrelated
1950,unrelated,unrelated
1951,unrelated,unrelated
1952,discuss,discuss
1953,unrelated,unrelated
1954,unrelated,unrelated
1955,unrelated,unrelated
1956,unrelated,unrelated
1957,unrelated,unrelated
1958,unrelated,unrelated
1959,unrelated,unrelated
1960,unrelated,unrelated
1961,unrelated,unrelated
1962,unrelated,unrelated
1963,unrelated,discuss
1964,unrelated,unrelated
1965,unrelated,unrelated
1966,unrelated,unrelated
1967,unrelated,discuss
1968,unrelated,unrelated
1969,unrelated,unrelated
1970,unrelated,unrelated
1971,unrelated,unrelated
1972,unrelated,unrelated
1973,unrelated,unrelated
1974,unrelated,unrelated
1975,unrelated,unrelated
1976,discuss,discuss
1977,unrelated,unrelated
1978,unrelated,unrelated
1979,unrelated,unrelated
1980,unrelated,unrelated
1981,unrelated,unrelated
1982,unrelated,unrelated
1983,unrelated,unrelated
1984,discuss,discuss
1985,unrelated,unrelated
1986,unrelated,unrelated
1987,discuss,discuss
1988,unrelated,unrelated
1989,unrelated,unrelated
1990,unrelated,unrelated
1991,unrelated,unrelated
1992,unrelated,unrelated
1993,unrelated,unrelated
1994,unrelated,unrelated
1995,unrelated,unrelated
1996,unrelated,unrelated
1997,unrelated,unrelated
1998,discuss,discuss
1999,discuss,discuss
2000,unrelated,unrelated
2001,unrelated,unrelated
2002,unrelated,unrelated
2003,unrelated,unrelated
2004,unrelated,unrelated
2005,unrelated,unrelated
2006,unrelated,unrelated
2007,unrelated,unrelated
2008,unrelated,unrelated
2009,unrelated,unrelated
2010,unrelated,unrelated
2011,unrelated,unrelated
2012,unrelated,unrelated
2013,discuss,discuss
2014,unrelated,unrelated
2015,unrelated,unrelated
2016,unrelated,unrelated
2017,unrelated,unrelated
2018,unrelated,unrelated
2019,unrelated,unrelated
2020,unrelated,unrelated
2021,unrelated,unrelated
2022,unrelated,unrelated
2023,unrelated,unrelated
2024,discuss,discuss
2025,unrelated,unrelated
2026,unrelated,unrelated
2027,unrelated,unrelated
2028,unrelated,unrelated
2029,unrelated,unrelated
2030,unrelated,unrelated
2031,unrelated,unrelated
2032,unrelated,unrelated
2033,unrelated,unrelated
2034,discuss,discuss
2035,unrelated,unrelated
2036,unrelated,unrelated
2037,unrelated,unrelated
2038,unrelated,unrelated
2039,unrelated,unrelated
2040,unrelated,unrelated
2041,unrelated,unrelated
2042,unrelated,unrelated
2043,unrelated,unrelated
2044,unrelated,unrelated
2045,discuss,discuss
2046,unrelated,unrelated
2047,unrelated,unrelated
2048,unrelated,unrelated
2049,unrelated,unrelated
2050,unrelated,unrelated
2051,unrelated,unrelated
2052,unrelated,unrelated
2053,unrelated,unrelated
2054,unrelated,unrelated
2055,unrelated,unrelated
2056,unrelated,unrelated
2057,unrelated,unrelated
2058,unrelated,unrelated
2059,unrelated,unrelated
2060,discuss,discuss
2061,unrelated,unrelated
2062,discuss,discuss
2063,unrelated,unrelated
2064,unrelated,unrelated
2065,unrelated,unrelated
2066,unrelated,unrelated
2067,unrelated,unrelated
2068,unrelated,unrelated
2069,unrelated,unrelated
2070,unrelated,unrelated
2071,unrelated,unrelated
2072,unrelated,unrelated
2073,discuss,discuss
2074,unrelated,unrelated
2075,unrelated,unrelated
2076,discuss,discuss
2077,unrelated,unrelated
2078,unrelated,unrelated
2079,unrelated,unrelated
2080,unrelated,unrelated
2081,unrelated,unrelated
2082,unrelated,unrelated
2083,unrelated,unrelated
2084,unrelated,unrelated
2085,unrelated,unrelated
2086,unrelated,unrelated
2087,unrelated,unrelated
2088,unrelated,unrelated
2089,unrelated,unrelated
2090,unrelated,unrelated
2091,unrelated,unrelated
2092,unrelated,unrelated
2093,unrelated,unrelated
2094,unrelated,unrelated
2095,unrelated,unrelated
2096,unrelated,unrelated
2097,unrelated,unrelated
2098,unrelated,unrelated
2099,unrelated,unrelated
2100,unrelated,unrelated
2101,unrelated,unrelated
2102,unrelated,unrelated
2103,unrelated,unrelated
2104,unrelated,unrelated
2105,unrelated,unrelated
2106,unrelated,unrelated
2107,unrelated,unrelated
2108,unrelated,unrelated
2109,unrelated,unrelated
2110,unrelated,unrelated
2111,unrelated,unrelated
2112,unrelated,unrelated
2113,unrelated,unrelated
2114,unrelated,unrelated
2115,unrelated,unrelated
2116,unrelated,unrelated
2117,unrelated,unrelated
2118,unrelated,unrelated
2119,unrelated,unrelated
2120,unrelated,unrelated
2121,unrelated,unrelated
2122,unrelated,unrelated
2123,unrelated,unrelated
2124,unrelated,unrelated
2125,unrelated,unrelated
2126,unrelated,unrelated
2127,unrelated,unrelated
2128,unrelated,unrelated
2129,unrelated,unrelated
2130,unrelated,unrelated
2131,agree,agree
2132,unrelated,unrelated
2133,unrelated,unrelated
2134,agree,agree
2135,agree,agree
2136,unrelated,unrelated
2137,discuss,discuss
2138,unrelated,unrelated
2139,unrelated,unrelated
2140,disagree,disagree
2141,unrelated,unrelated
2142,unrelated,unrelated
2143,unrelated,unrelated
2144,unrelated,unrelated
2145,unrelated,unrelated
2146,unrelated,unrelated
2147,unrelated,unrelated
2148,unrelated,unrelated
2149,unrelated,unrelated
2150,unrelated,unrelated
2151,unrelated,unrelated
2152,unrelated,unrelated
2153,unrelated,unrelated
2154,unrelated,unrelated
2155,unrelated,unrelated
2156,unrelated,unrelated
2157,unrelated,unrelated
2158,unrelated,unrelated
2159,unrelated,unrelated
2160,unrelated,unrelated
2161,unrelated,unrelated
2162,unrelated,unrelated
2163,unrelated,unrelated
2164,unrelated,unrelated
2165,unrelated,unrelated
2166,unrelated,unrelated
2167,unrelated,unrelated
2168,unrelated,unrelated
2169,unrelated,unrelated
2170,unrelated,unrelated
2171,unrelated,unrelated
2172,unrelated,unrelated
2173,unrelated,unrelated
2174,unrelated,unrelated
2175,unrelated,unrelated
2176,unrelated,unrelated
2177,unrelated,unrelated
2178,unrelated,unrelated
2179,unrelated,unrelated
2180,unrelated,unrelated
2181,unrelated,unrelated
2182,unrelated,unrelated
2183,unrelated,unrelated
2184,unrelated,unrelated
2185,unrelated,unrelated
2186,unrelated,unrelated
2187,unrelated,unrelated
2188,unrelated,unrelated
2189,unrelated,unrelated
2190,unrelated,unrelated
2191,unrelated,unrelated
2192,unrelated,unrelated
2193,unrelated,unrelated
2194,unrelated,unrelated
2195,unrelated,unrelated
2196,unrelated,unrelated
2197,unrelated,unrelated
2198,unrelated,unrelated
2199,unrelated,unrelated
2200,unrelated,unrelated
2201,unrelated,unrelated
2202,unrelated,unrelated
2203,unrelated,unrelated
2204,unrelated,unrelated
2205,unrelated,unrelated
2206,unrelated,unrelated
2207,unrelated,unrelated
2208,unrelated,unrelated
2209,unrelated,unrelated
2210,unrelated,unrelated
2211,unrelated,unrelated
2212,unrelated,unrelated
2213,unrelated,unrelated
2214,discuss,discuss
2215,unrelated,unrelated
2216,unrelated,unrelated
2217,unrelated,unrelated
2218,unrelated,unrelated
2219,unrelated,unrelated
2220,unrelated,unrelated
2221,unrelated,unrelated
2222,unrelated,discuss
2223,unrelated,unrelated
2224,unrelated,unrelated
2225,unrelated,unrelated
2226,unrelated,unrelated
2227,unrelated,unrelated
2228,discuss,discuss
2229,unrelated,unrelated
2230,unrelated,unrelated
2231,unrelated,unrelated
2232,unrelated,unrelated
2233,unrelated,unrelated
2234,unrelated,unrelated
2235,unrelated,unrelated
2236,unrelated,discuss
2237,unrelated,unrelated
2238,unrelated,unrelated
2239,unrelated,unrelated
2240,unrelated,unrelated
2241,unrelated,unrelated
2242,unrelated,unrelated
2243,unrelated,unrelated
2244,unrelated,unrelated
2245,unrelated,unrelated
2246,unrelated,unrelated
2247,unrelated,unrelated
2248,unrelated,unrelated
2249,unrelated,unrelated
2250,unrelated,unrelated
2251,unrelated,unrelated
2252,discuss,discuss
2253,unrelated,unrelated
2254,unrelated,unrelated
2255,unrelated,unrelated
2256,unrelated,unrelated
2257,unrelated,unrelated
2258,unrelated,unrelated
2259,unrelated,unrelated
2260,unrelated,unrelated
2261,unrelated,unrelated
2262,unrelated,unrelated
2263,unrelated,unrelated
2264,unrelated,unrelated
2265,unrelated,unrelated
2266,unrelated,unrelated
2267,unrelated,unrelated
2268,unrelated,unrelated
2269,unrelated,unrelated
2270,unrelated,unrelated
2271,unrelated,unrelated
2272,unrelated,unrelated
2273,unrelated,unrelated
2274,unrelated,unrelated
2275,unrelated,unrelated
2276,unrelated,unrelated
2277,unrelated,unrelated
2278,disagree,disagree
2279,agree,agree
2280,unrelated,unrelated
2281,unrelated,unrelated
2282,unrelated,unrelated
2283,agree,agree
2284,unrelated,unrelated
2285,unrelated,unrelated
2286,agree,agree
2287,unrelated,unrelated
2288,unrelated,unrelated
2289,agree,agree
2290,agree,agree
2291,agree,agree
2292,unrelated,unrelated
2293,unrelated,unrelated
2294,unrelated,unrelated
2295,discuss,discuss
2296,unrelated,unrelated
2297,agree,agree
2298,agree,agree
2299,agree,agree
2300,agree,agree
2301,unrelated,unrelated
2302,unrelated,unrelated
2303,agree,agree
2304,agree,agree
2305,agree,agree
2306,unrelated,unrelated
2307,unrelated,unrelated
2308,unrelated,unrelated
2309,unrelated,unrelated
2310,unrelated,unrelated
2311,discuss,agree
2312,unrelated,unrelated
2313,unrelated,unrelated
2314,agree,agree
2315,unrelated,unrelated
2316,unrelated,unrelated
2317,unrelated,unrelated
2318,unrelated,unrelated
2319,unrelated,unrelated
2320,agree,agree
2321,unrelated,unrelated
2322,agree,agree
2323,unrelated,unrelated
2324,agree,agree
2325,unrelated,unrelated
2326,unrelated,unrelated
2327,unrelated,unrelated
2328,unrelated,unrelated
2329,unrelated,unrelated
2330,unrelated,unrelated
2331,unrelated,unrelated
2332,unrelated,unrelated
2333,unrelated,unrelated
2334,unrelated,unrelated
2335,unrelated,unrelated
2336,unrelated,unrelated
2337,unrelated,unrelated
2338,unrelated,unrelated
2339,unrelated,unrelated
2340,unrelated,unrelated
2341,unrelated,unrelated
2342,discuss,discuss
2343,unrelated,unrelated
2344,unrelated,unrelated
2345,unrelated,unrelated
2346,unrelated,unrelated
2347,unrelated,unrelated
2348,unrelated,unrelated
2349,unrelated,unrelated
2350,unrelated,unrelated
2351,unrelated,unrelated
2352,unrelated,unrelated
2353,discuss,discuss
2354,unrelated,unrelated
2355,unrelated,unrelated
2356,unrelated,unrelated
2357,unrelated,unrelated
2358,unrelated,unrelated
2359,unrelated,unrelated
2360,unrelated,unrelated
2361,unrelated,unrelated
2362,unrelated,unrelated
2363,unrelated,unrelated
2364,discuss,discuss
2365,unrelated,unrelated
2366,unrelated,unrelated
2367,unrelated,unrelated
2368,unrelated,unrelated
2369,unrelated,unrelated
2370,unrelated,unrelated
2371,unrelated,unrelated
2372,unrelated,unrelated
2373,unrelated,unrelated
2374,unrelated,unrelated
2375,unrelated,unrelated
2376,unrelated,unrelated
2377,unrelated,unrelated
2378,discuss,discuss
2379,unrelated,unrelated
2380,unrelated,unrelated
2381,unrelated,unrelated
2382,unrelated,unrelated
2383,unrelated,unrelated
2384,unrelated,unrelated
2385,unrelated,unrelated
2386,unrelated,unrelated
2387,unrelated,unrelated
2388,unrelated,unrelated
2389,unrelated,unrelated
2390,unrelated,unrelated
2391,unrelated,unrelated
2392,unrelated,unrelated
2393,unrelated,unrelated
2394,unrelated,unrelated
2395,unrelated,unrelated
2396,unrelated,unrelated
2397,unrelated,unrelated
2398,unrelated,unrelated
2399,unrelated,unrelated
2400,unrelated,unrelated
2401,unrelated,unrelated
2402,unrelated,unrelated
2403,unrelated,unrelated
2404,unrelated,unrelated
2405,unrelated,unrelated
2406,discuss,discuss
2407,unrelated,unrelated
2408,unrelated,unrelated
2409,unrelated,unrelated
2410,unrelated,unrelated
2411,unrelated,unrelated
2412,unrelated,unrelated
2413,unrelated,unrelated
2414,unrelated,unrelated
2415,discuss,discuss
2416,unrelated,unrelated
2417,unrelated,unrelated
2418,unrelated,unrelated
2419,unrelated,unrelated
2420,unrelated,unrelated
2421,unrelated,unrelated
2422,unrelated,unrelated
2423,unrelated,unrelated
2424,discuss,discuss
2425,unrelated,unrelated
2426,discuss,discuss
2427,unrelated,unrelated
2428,unrelated,unrelated
2429,unrelated,unrelated
2430,unrelated,unrelated
2431,discuss,discuss
2432,unrelated,unrelated
2433,unrelated,unrelated
2434,unrelated,unrelated
2435,unrelated,unrelated
2436,discuss,discuss
2437,unrelated,unrelated
2438,unrelated,unrelated
2439,unrelated,unrelated
2440,unrelated,unrelated
2441,unrelated,unrelated
2442,unrelated,unrelated
2443,discuss,discuss
2444,unrelated,unrelated
2445,unrelated,unrelated
2446,unrelated,unrelated
2447,unrelated,unrelated
2448,unrelated,unrelated
2449,unrelated,unrelated
2450,unrelated,unrelated
2451,unrelated,unrelated
2452,unrelated,unrelated
2453,discuss,discuss
2454,unrelated,unrelated
2455,unrelated,unrelated
2456,unrelated,unrelated
2457,unrelated,unrelated
2458,unrelated,unrelated
2459,discuss,discuss
2460,unrelated,unrelated
2461,unrelated,unrelated
2462,unrelated,unrelated
2463,unrelated,unrelated
2464,discuss,discuss
2465,unrelated,unrelated
2466,unrelated,unrelated
2467,unrelated,unrelated
2468,unrelated,unrelated
2469,unrelated,unrelated
2470,unrelated,unrelated
2471,unrelated,unrelated
2472,unrelated,unrelated
2473,unrelated,unrelated
2474,unrelated,unrelated
2475,unrelated,unrelated
2476,unrelated,unrelated
2477,unrelated,unrelated
2478,unrelated,unrelated
2479,unrelated,unrelated
2480,unrelated,unrelated
2481,unrelated,unrelated
2482,unrelated,unrelated
2483,unrelated,unrelated
2484,unrelated,unrelated
2485,unrelated,unrelated
2486,unrelated,unrelated
2487,discuss,discuss
2488,unrelated,unrelated
2489,unrelated,unrelated
2490,unrelated,unrelated
2491,unrelated,unrelated
2492,unrelated,unrelated
2493,discuss,discuss
2494,unrelated,unrelated
2495,unrelated,unrelated
2496,unrelated,unrelated
2497,discuss,discuss
2498,unrelated,unrelated
2499,unrelated,unrelated
2500,unrelated,unrelated
2501,discuss,discuss
2502,unrelated,unrelated
2503,unrelated,unrelated
2504,discuss,discuss
2505,discuss,discuss
2506,unrelated,unrelated
2507,discuss,discuss
2508,discuss,discuss
2509,unrelated,unrelated
2510,unrelated,unrelated
2511,discuss,discuss
2512,unrelated,unrelated
2513,unrelated,unrelated
2514,unrelated,unrelated
2515,discuss,discuss
2516,unrelated,unrelated
2517,unrelated,unrelated
2518,unrelated,unrelated
2519,unrelated,unrelated
2520,unrelated,unrelated
2521,unrelated,unrelated
2522,unrelated,unrelated
2523,unrelated,unrelated
2524,unrelated,unrelated
2525,unrelated,unrelated
2526,discuss,discuss
2527,agree,agree
2528,unrelated,unrelated
2529,agree,agree
2530,unrelated,unrelated
2531,agree,agree
2532,unrelated,unrelated
2533,unrelated,unrelated
2534,unrelated,unrelated
2535,agree,agree
2536,agree,agree
2537,unrelated,unrelated
2538,unrelated,unrelated
2539,unrelated,unrelated
2540,unrelated,unrelated
2541,agree,agree
2542,unrelated,unrelated
2543,agree,agree
2544,unrelated,unrelated
2545,discuss,agree
2546,unrelated,unrelated
2547,unrelated,unrelated
2548,agree,agree
2549,agree,agree
2550,unrelated,unrelated
2551,agree,agree
2552,unrelated,unrelated
2553,agree,agree
2554,unrelated,unrelated
2555,unrelated,unrelated
2556,unrelated,unrelated
2557,unrelated,unrelated
2558,unrelated,unrelated
2559,unrelated,unrelated
2560,unrelated,unrelated
2561,unrelated,unrelated
2562,unrelated,unrelated
2563,unrelated,unrelated
2564,unrelated,unrelated
2565,unrelated,unrelated
2566,unrelated,unrelated
2567,unrelated,unrelated
2568,unrelated,unrelated
2569,unrelated,unrelated
2570,agree,discuss
2571,unrelated,unrelated
2572,unrelated,unrelated
2573,unrelated,unrelated
2574,unrelated,unrelated
2575,unrelated,unrelated
2576,unrelated,unrelated
2577,unrelated,unrelated
2578,unrelated,unrelated
2579,unrelated,unrelated
2580,unrelated,unrelated
2581,unrelated,unrelated
2582,unrelated,unrelated
2583,disagree,unrelated
2584,discuss,agree
2585,discuss,agree
2586,discuss,discuss
2587,unrelated,unrelated
2588,unrelated,unrelated
2589,unrelated,unrelated
2590,unrelated,unrelated
2591,unrelated,unrelated
2592,discuss,agree
2593,unrelated,unrelated
2594,unrelated,unrelated
2595,discuss,discuss
2596,discuss,discuss
2597,unrelated,unrelated
2598,unrelated,unrelated
2599,discuss,unrelated
2600,unrelated,unrelated
2601,discuss,agree
2602,unrelated,unrelated
2603,discuss,unrelated
2604,discuss,discuss
2605,discuss,discuss
2606,discuss,discuss
2607,unrelated,unrelated
2608,unrelated,unrelated
2609,discuss,discuss
2610,discuss,discuss
2611,unrelated,unrelated
2612,unrelated,unrelated
2613,unrelated,unrelated
2614,unrelated,unrelated
2615,unrelated,unrelated
2616,unrelated,unrelated
2617,discuss,discuss
2618,unrelated,unrelated
2619,unrelated,unrelated
2620,unrelated,unrelated
2621,unrelated,unrelated
2622,unrelated,unrelated
2623,unrelated,unrelated
2624,unrelated,unrelated
2625,unrelated,unrelated
2626,unrelated,unrelated
2627,unrelated,unrelated
2628,unrelated,unrelated
2629,unrelated,unrelated
2630,unrelated,unrelated
2631,unrelated,unrelated
2632,unrelated,unrelated
2633,discuss,discuss
2634,unrelated,unrelated
2635,unrelated,unrelated
2636,unrelated,unrelated
2637,discuss,unrelated
2638,unrelated,unrelated
2639,unrelated,unrelated
2640,unrelated,unrelated
2641,unrelated,unrelated
2642,unrelated,unrelated
2643,unrelated,unrelated
2644,discuss,discuss
2645,unrelated,unrelated
2646,unrelated,unrelated
2647,unrelated,unrelated
2648,unrelated,unrelated
2649,unrelated,unrelated
2650,unrelated,unrelated
2651,unrelated,unrelated
2652,unrelated,unrelated
2653,unrelated,unrelated
2654,unrelated,unrelated
2655,unrelated,unrelated
2656,unrelated,unrelated
2657,unrelated,unrelated
2658,unrelated,unrelated
2659,unrelated,unrelated
2660,unrelated,unrelated
2661,unrelated,unrelated
2662,discuss,discuss
2663,discuss,discuss
2664,discuss,discuss
2665,discuss,discuss
2666,discuss,discuss
2667,discuss,discuss
2668,discuss,discuss
2669,discuss,discuss
2670,discuss,discuss
2671,discuss,discuss
2672,unrelated,unrelated
2673,unrelated,unrelated
2674,unrelated,unrelated
2675,unrelated,unrelated
2676,unrelated,unrelated
2677,unrelated,unrelated
2678,unrelated,unrelated
2679,unrelated,unrelated
2680,unrelated,unrelated
2681,unrelated,unrelated
2682,unrelated,unrelated
2683,agree,discuss
2684,unrelated,unrelated
2685,unrelated,unrelated
2686,agree,discuss
2687,unrelated,unrelated
2688,agree,discuss
2689,unrelated,unrelated
2690,unrelated,unrelated
2691,unrelated,unrelated
2692,unrelated,unrelated
2693,unrelated,unrelated
2694,unrelated,unrelated
2695,unrelated,unrelated
2696,unrelated,unrelated
2697,unrelated,unrelated
2698,unrelated,unrelated
2699,agree,discuss
2700,unrelated,unrelated
2701,unrelated,unrelated
2702,unrelated,unrelated
2703,unrelated,unrelated
2704,unrelated,unrelated
2705,unrelated,unrelated
2706,unrelated,unrelated
2707,unrelated,unrelated
2708,unrelated,unrelated
2709,unrelated,unrelated
2710,unrelated,unrelated
2711,unrelated,unrelated
2712,unrelated,unrelated
2713,unrelated,unrelated
2714,unrelated,unrelated
2715,unrelated,unrelated
2716,unrelated,unrelated
2717,unrelated,unrelated
2718,unrelated,unrelated
2719,unrelated,unrelated
2720,unrelated,unrelated
2721,unrelated,unrelated
2722,unrelated,unrelated
2723,unrelated,unrelated
2724,unrelated,unrelated
2725,unrelated,unrelated
2726,unrelated,unrelated
2727,unrelated,unrelated
2728,unrelated,unrelated
2729,unrelated,unrelated
2730,unrelated,unrelated
2731,unrelated,unrelated
2732,unrelated,unrelated
2733,unrelated,unrelated
2734,unrelated,unrelated
2735,unrelated,unrelated
2736,unrelated,unrelated
2737,unrelated,unrelated
2738,unrelated,unrelated
2739,unrelated,unrelated
2740,unrelated,unrelated
2741,discuss,discuss
2742,unrelated,unrelated
2743,unrelated,unrelated
2744,unrelated,unrelated
2745,unrelated,unrelated
2746,unrelated,unrelated
2747,unrelated,unrelated
2748,unrelated,unrelated
2749,unrelated,unrelated
2750,unrelated,unrelated
2751,unrelated,unrelated
2752,unrelated,unrelated
2753,unrelated,unrelated
2754,unrelated,unrelated
2755,unrelated,unrelated
2756,unrelated,unrelated
2757,unrelated,unrelated
2758,unrelated,unrelated
2759,unrelated,unrelated
2760,agree,agree
2761,unrelated,unrelated
2762,unrelated,unrelated
2763,unrelated,unrelated
2764,unrelated,unrelated
2765,unrelated,unrelated
2766,agree,agree
2767,agree,agree
2768,unrelated,unrelated
2769,unrelated,unrelated
2770,unrelated,unrelated
2771,unrelated,unrelated
2772,agree,agree
2773,unrelated,unrelated
2774,unrelated,unrelated
2775,unrelated,unrelated
2776,unrelated,unrelated
2777,unrelated,unrelated
2778,unrelated,unrelated
2779,unrelated,unrelated
2780,unrelated,unrelated
2781,unrelated,unrelated
2782,unrelated,unrelated
2783,unrelated,unrelated
2784,unrelated,unrelated
2785,unrelated,unrelated
2786,unrelated,unrelated
2787,unrelated,unrelated
2788,unrelated,unrelated
2789,unrelated,unrelated
2790,unrelated,unrelated
2791,unrelated,unrelated
2792,unrelated,unrelated
2793,unrelated,unrelated
2794,unrelated,unrelated
2795,unrelated,unrelated
2796,unrelated,unrelated
2797,unrelated,unrelated
2798,unrelated,unrelated
2799,unrelated,unrelated
2800,unrelated,unrelated
2801,unrelated,unrelated
2802,unrelated,unrelated
2803,unrelated,unrelated
2804,unrelated,unrelated
2805,unrelated,unrelated
2806,unrelated,unrelated
2807,unrelated,unrelated
2808,unrelated,unrelated
2809,unrelated,unrelated
2810,unrelated,unrelated
2811,unrelated,unrelated
2812,unrelated,unrelated
2813,unrelated,unrelated
2814,unrelated,unrelated
2815,unrelated,unrelated
2816,agree,agree
2817,unrelated,unrelated
2818,unrelated,unrelated
2819,unrelated,unrelated
2820,unrelated,unrelated
2821,unrelated,unrelated
2822,unrelated,unrelated
2823,unrelated,unrelated
2824,unrelated,unrelated
2825,unrelated,unrelated
2826,unrelated,unrelated
2827,unrelated,unrelated
2828,unrelated,unrelated
2829,unrelated,unrelated
2830,unrelated,unrelated
2831,unrelated,unrelated
2832,unrelated,unrelated
2833,unrelated,unrelated
2834,unrelated,unrelated
2835,unrelated,unrelated
2836,unrelated,unrelated
2837,unrelated,unrelated
2838,unrelated,unrelated
2839,unrelated,unrelated
2840,unrelated,unrelated
2841,unrelated,unrelated
2842,unrelated,unrelated
2843,unrelated,unrelated
2844,unrelated,unrelated
2845,unrelated,unrelated
2846,unrelated,unrelated
2847,unrelated,unrelated
2848,unrelated,unrelated
2849,unrelated,unrelated
2850,unrelated,unrelated
2851,unrelated,unrelated
2852,unrelated,unrelated
2853,unrelated,unrelated
2854,unrelated,unrelated
2855,unrelated,unrelated
2856,unrelated,unrelated
2857,unrelated,unrelated
2858,unrelated,unrelated
2859,unrelated,unrelated
2860,unrelated,unrelated
2861,unrelated,unrelated
2862,agree,agree
2863,discuss,discuss
2864,discuss,discuss
2865,discuss,agree
2866,discuss,discuss
2867,discuss,agree
2868,discuss,agree
2869,discuss,agree
2870,discuss,agree
2871,discuss,agree
2872,discuss,discuss
2873,discuss,discuss
2874,discuss,discuss
2875,discuss,discuss
2876,discuss,agree
2877,discuss,agree
2878,discuss,discuss
2879,discuss,discuss
2880,discuss,discuss
2881,discuss,agree
2882,discuss,discuss
2883,discuss,agree
2884,discuss,agree
2885,discuss,discuss
2886,discuss,disagree
2887,discuss,discuss
2888,discuss,unrelated
2889,discuss,discuss
2890,discuss,discuss
2891,discuss,discuss
2892,discuss,discuss
2893,discuss,agree
2894,discuss,disagree
2895,unrelated,unrelated
2896,unrelated,unrelated
2897,unrelated,unrelated
2898,unrelated,unrelated
2899,unrelated,unrelated
2900,unrelated,unrelated
2901,unrelated,unrelated
2902,unrelated,unrelated
2903,unrelated,unrelated
2904,unrelated,unrelated
2905,disagree,disagree
2906,unrelated,unrelated
2907,unrelated,unrelated
2908,unrelated,unrelated
2909,unrelated,unrelated
2910,unrelated,unrelated
2911,unrelated,unrelated
2912,unrelated,unrelated
2913,unrelated,unrelated
2914,unrelated,unrelated
2915,unrelated,unrelated
2916,unrelated,unrelated
2917,unrelated,unrelated
2918,unrelated,unrelated
2919,unrelated,unrelated
2920,agree,agree
2921,unrelated,unrelated
2922,unrelated,unrelated
2923,unrelated,unrelated
2924,unrelated,unrelated
2925,unrelated,unrelated
2926,unrelated,unrelated
2927,unrelated,unrelated
2928,unrelated,unrelated
2929,unrelated,unrelated
2930,unrelated,unrelated
2931,unrelated,unrelated
2932,unrelated,unrelated
2933,unrelated,unrelated
2934,unrelated,unrelated
2935,unrelated,unrelated
2936,unrelated,unrelated
2937,unrelated,unrelated
2938,unrelated,unrelated
2939,unrelated,unrelated
2940,unrelated,unrelated
2941,unrelated,unrelated
2942,unrelated,unrelated
2943,unrelated,unrelated
2944,discuss,discuss
2945,discuss,discuss
2946,agree,discuss
2947,discuss,discuss
2948,discuss,discuss
2949,discuss,discuss
2950,agree,discuss
2951,discuss,discuss
2952,agree,discuss
2953,unrelated,unrelated
2954,unrelated,unrelated
2955,unrelated,unrelated
2956,unrelated,unrelated
2957,unrelated,unrelated
2958,unrelated,unrelated
2959,unrelated,unrelated
2960,unrelated,unrelated
2961,unrelated,unrelated
2962,unrelated,unrelated
2963,unrelated,unrelated
2964,discuss,discuss
2965,unrelated,unrelated
2966,unrelated,unrelated
2967,unrelated,unrelated
2968,unrelated,unrelated
2969,unrelated,unrelated
2970,unrelated,unrelated
2971,unrelated,unrelated
2972,unrelated,unrelated
2973,unrelated,unrelated
2974,unrelated,unrelated
2975,unrelated,unrelated
2976,unrelated,unrelated
2977,unrelated,unrelated
2978,unrelated,unrelated
2979,unrelated,unrelated
2980,unrelated,unrelated
2981,unrelated,unrelated
2982,unrelated,unrelated
2983,unrelated,unrelated
2984,unrelated,unrelated
2985,unrelated,unrelated
2986,unrelated,unrelated
2987,unrelated,unrelated
2988,unrelated,unrelated
2989,unrelated,unrelated
2990,unrelated,unrelated
2991,unrelated,unrelated
2992,discuss,discuss
2993,unrelated,unrelated
2994,unrelated,unrelated
2995,unrelated,unrelated
2996,unrelated,unrelated
2997,unrelated,unrelated
2998,unrelated,unrelated
2999,unrelated,unrelated
3000,unrelated,unrelated
3001,unrelated,unrelated
3002,unrelated,unrelated
3003,unrelated,unrelated
3004,unrelated,unrelated
3005,unrelated,unrelated
3006,unrelated,unrelated
3007,agree,discuss
3008,unrelated,unrelated
3009,unrelated,unrelated
3010,unrelated,unrelated
3011,unrelated,unrelated
3012,unrelated,unrelated
3013,agree,discuss
3014,unrelated,unrelated
3015,agree,discuss
3016,unrelated,unrelated
3017,unrelated,unrelated
3018,unrelated,unrelated
3019,unrelated,unrelated
3020,unrelated,unrelated
3021,unrelated,unrelated
3022,unrelated,unrelated
3023,unrelated,unrelated
3024,agree,discuss
3025,unrelated,unrelated
3026,unrelated,unrelated
3027,unrelated,unrelated
3028,unrelated,unrelated
3029,unrelated,unrelated
3030,unrelated,unrelated
3031,unrelated,unrelated
3032,unrelated,unrelated
3033,unrelated,unrelated
3034,unrelated,unrelated
3035,unrelated,unrelated
3036,unrelated,unrelated
3037,unrelated,unrelated
3038,unrelated,unrelated
3039,unrelated,unrelated
3040,unrelated,unrelated
3041,unrelated,unrelated
3042,discuss,discuss
3043,unrelated,unrelated
3044,unrelated,unrelated
3045,discuss,discuss
3046,discuss,discuss
3047,unrelated,unrelated
3048,unrelated,unrelated
3049,discuss,discuss
3050,unrelated,unrelated
3051,unrelated,unrelated
3052,discuss,discuss
3053,unrelated,unrelated
3054,discuss,discuss
3055,unrelated,unrelated
3056,unrelated,unrelated
3057,unrelated,unrelated
3058,discuss,discuss
3059,discuss,discuss
3060,discuss,discuss
3061,unrelated,unrelated
3062,unrelated,unrelated
3063,unrelated,unrelated
3064,discuss,discuss
3065,discuss,discuss
3066,unrelated,unrelated
3067,discuss,discuss
3068,unrelated,unrelated
3069,unrelated,unrelated
3070,discuss,discuss
3071,unrelated,unrelated
3072,unrelated,unrelated
3073,discuss,discuss
3074,discuss,discuss
3075,unrelated,unrelated
3076,unrelated,unrelated
3077,discuss,discuss
3078,discuss,discuss
3079,unrelated,unrelated
3080,unrelated,unrelated
3081,unrelated,unrelated
3082,unrelated,unrelated
3083,unrelated,unrelated
3084,unrelated,unrelated
3085,unrelated,unrelated
3086,unrelated,unrelated
3087,unrelated,unrelated
3088,unrelated,unrelated
3089,unrelated,unrelated
3090,unrelated,unrelated
3091,unrelated,unrelated
3092,unrelated,unrelated
3093,unrelated,unrelated
3094,unrelated,unrelated
3095,unrelated,unrelated
3096,unrelated,unrelated
3097,unrelated,unrelated
3098,unrelated,unrelated
3099,unrelated,unrelated
3100,unrelated,unrelated
3101,unrelated,unrelated
3102,discuss,discuss
3103,unrelated,unrelated
3104,unrelated,unrelated
3105,unrelated,unrelated
3106,unrelated,unrelated
3107,unrelated,unrelated
3108,unrelated,unrelated
3109,unrelated,unrelated
3110,unrelated,unrelated
3111,unrelated,unrelated
3112,unrelated,unrelated
3113,unrelated,unrelated
3114,unrelated,unrelated
3115,unrelated,unrelated
3116,unrelated,unrelated
3117,unrelated,unrelated
3118,unrelated,unrelated
3119,unrelated,unrelated
3120,unrelated,unrelated
3121,unrelated,unrelated
3122,unrelated,unrelated
3123,unrelated,unrelated
3124,unrelated,unrelated
3125,unrelated,unrelated
3126,unrelated,unrelated
3127,unrelated,unrelated
3128,unrelated,unrelated
3129,unrelated,unrelated
3130,unrelated,unrelated
3131,unrelated,unrelated
3132,unrelated,unrelated
3133,unrelated,unrelated
3134,unrelated,unrelated
3135,unrelated,unrelated
3136,unrelated,unrelated
3137,unrelated,unrelated
3138,unrelated,unrelated
3139,unrelated,unrelated
3140,unrelated,unrelated
3141,unrelated,unrelated
3142,unrelated,unrelated
3143,unrelated,unrelated
3144,unrelated,unrelated
3145,unrelated,unrelated
3146,unrelated,unrelated
3147,unrelated,unrelated
3148,unrelated,unrelated
3149,unrelated,unrelated
3150,unrelated,unrelated
3151,unrelated,unrelated
3152,unrelated,unrelated
3153,unrelated,unrelated
3154,unrelated,unrelated
3155,unrelated,unrelated
3156,unrelated,unrelated
3157,unrelated,unrelated
3158,unrelated,unrelated
3159,unrelated,unrelated
3160,unrelated,unrelated
3161,unrelated,unrelated
3162,unrelated,unrelated
3163,unrelated,unrelated
3164,unrelated,unrelated
3165,unrelated,unrelated
3166,unrelated,unrelated
3167,unrelated,unrelated
3168,unrelated,unrelated
3169,unrelated,unrelated
3170,unrelated,unrelated
3171,unrelated,unrelated
3172,unrelated,unrelated
3173,unrelated,unrelated
3174,unrelated,unrelated
3175,unrelated,unrelated
3176,unrelated,unrelated
3177,unrelated,unrelated
3178,unrelated,unrelated
3179,unrelated,unrelated
3180,unrelated,unrelated
3181,unrelated,unrelated
3182,unrelated,unrelated
3183,unrelated,unrelated
3184,unrelated,unrelated
3185,discuss,discuss
3186,disagree,disagree
3187,discuss,discuss
3188,discuss,agree
3189,disagree,disagree
3190,discuss,disagree
3191,disagree,disagree
3192,agree,agree
3193,disagree,disagree
3194,unrelated,unrelated
3195,unrelated,unrelated
3196,unrelated,unrelated
3197,unrelated,unrelated
3198,unrelated,unrelated
3199,unrelated,unrelated
3200,unrelated,unrelated
3201,unrelated,unrelated
3202,unrelated,unrelated
3203,discuss,disagree
3204,unrelated,unrelated
3205,unrelated,unrelated
3206,unrelated,unrelated
3207,unrelated,unrelated
3208,unrelated,unrelated
3209,unrelated,unrelated
3210,unrelated,unrelated
3211,unrelated,unrelated
3212,unrelated,unrelated
3213,unrelated,unrelated
3214,unrelated,unrelated
3215,unrelated,unrelated
3216,unrelated,unrelated
3217,unrelated,unrelated
3218,unrelated,unrelated
3219,disagree,discuss
3220,unrelated,unrelated
3221,unrelated,unrelated
3222,discuss,discuss
3223,unrelated,unrelated
3224,unrelated,unrelated
3225,unrelated,unrelated
3226,unrelated,unrelated
3227,discuss,discuss
3228,unrelated,unrelated
3229,unrelated,unrelated
3230,unrelated,unrelated
3231,unrelated,unrelated
3232,unrelated,unrelated
3233,unrelated,unrelated
3234,unrelated,unrelated
3235,unrelated,unrelated
3236,unrelated,unrelated
3237,unrelated,unrelated
3238,unrelated,unrelated
3239,unrelated,unrelated
3240,unrelated,unrelated
3241,agree,agree
3242,unrelated,unrelated
3243,unrelated,unrelated
3244,unrelated,unrelated
3245,unrelated,unrelated
3246,unrelated,unrelated
3247,unrelated,unrelated
3248,unrelated,unrelated
3249,unrelated,unrelated
3250,unrelated,unrelated
3251,unrelated,unrelated
3252,unrelated,unrelated
3253,unrelated,unrelated
3254,discuss,discuss
3255,discuss,discuss
3256,unrelated,unrelated
3257,unrelated,unrelated
3258,discuss,discuss
3259,discuss,discuss
3260,discuss,discuss
3261,discuss,discuss
3262,discuss,discuss
3263,unrelated,unrelated
3264,unrelated,unrelated
3265,unrelated,unrelated
3266,unrelated,unrelated
3267,discuss,discuss
3268,unrelated,unrelated
3269,unrelated,unrelated
3270,discuss,discuss
3271,unrelated,unrelated
3272,discuss,discuss
3273,discuss,discuss
3274,discuss,discuss
3275,discuss,discuss
3276,unrelated,unrelated
3277,discuss,discuss
3278,unrelated,unrelated
3279,unrelated,unrelated
3280,unrelated,unrelated
3281,discuss,discuss
3282,discuss,discuss
3283,discuss,discuss
3284,discuss,discuss
3285,unrelated,unrelated
3286,unrelated,unrelated
3287,discuss,discuss
3288,unrelated,unrelated
3289,unrelated,unrelated
3290,discuss,discuss
3291,unrelated,unrelated
3292,unrelated,unrelated
3293,unrelated,unrelated
3294,discuss,discuss
3295,discuss,discuss
3296,discuss,discuss
3297,discuss,discuss
3298,discuss,discuss
3299,discuss,discuss
3300,discuss,discuss
3301,discuss,discuss
3302,discuss,discuss
3303,unrelated,unrelated
3304,discuss,discuss
3305,unrelated,unrelated
3306,discuss,discuss
3307,unrelated,unrelated
3308,unrelated,unrelated
3309,unrelated,unrelated
3310,unrelated,unrelated
3311,unrelated,unrelated
3312,unrelated,unrelated
3313,unrelated,unrelated
3314,unrelated,unrelated
3315,unrelated,unrelated
3316,unrelated,unrelated
3317,unrelated,unrelated
3318,unrelated,unrelated
3319,discuss,discuss
3320,discuss,discuss
3321,unrelated,unrelated
3322,discuss,discuss
3323,unrelated,unrelated
3324,unrelated,unrelated
3325,agree,discuss
3326,unrelated,unrelated
3327,unrelated,unrelated
3328,unrelated,unrelated
3329,unrelated,unrelated
3330,unrelated,unrelated
3331,unrelated,unrelated
3332,unrelated,unrelated
3333,disagree,discuss
3334,unrelated,unrelated
3335,unrelated,unrelated
3336,unrelated,unrelated
3337,unrelated,unrelated
3338,unrelated,unrelated
3339,unrelated,unrelated
3340,unrelated,unrelated
3341,unrelated,unrelated
3342,unrelated,unrelated
3343,unrelated,unrelated
3344,unrelated,unrelated
3345,unrelated,unrelated
3346,discuss,discuss
3347,unrelated,unrelated
3348,unrelated,unrelated
3349,unrelated,unrelated
3350,unrelated,unrelated
3351,unrelated,unrelated
3352,unrelated,unrelated
3353,discuss,discuss
3354,unrelated,unrelated
3355,unrelated,unrelated
3356,unrelated,unrelated
3357,discuss,discuss
3358,unrelated,unrelated
3359,unrelated,unrelated
3360,unrelated,unrelated
3361,discuss,discuss
3362,unrelated,unrelated
3363,discuss,discuss
3364,discuss,discuss
3365,unrelated,unrelated
3366,unrelated,unrelated
3367,unrelated,unrelated
3368,unrelated,unrelated
3369,unrelated,unrelated
3370,discuss,discuss
3371,discuss,discuss
3372,unrelated,unrelated
3373,unrelated,unrelated
3374,unrelated,unrelated
3375,discuss,discuss
3376,unrelated,unrelated
3377,unrelated,unrelated
3378,unrelated,unrelated
3379,unrelated,unrelated
3380,unrelated,unrelated
3381,unrelated,unrelated
3382,unrelated,unrelated
3383,unrelated,unrelated
3384,unrelated,unrelated
3385,unrelated,unrelated
3386,unrelated,unrelated
3387,discuss,discuss
3388,unrelated,unrelated
3389,unrelated,unrelated
3390,unrelated,unrelated
3391,unrelated,unrelated
3392,unrelated,unrelated
3393,unrelated,unrelated
3394,unrelated,unrelated
3395,unrelated,unrelated
3396,unrelated,unrelated
3397,unrelated,unrelated
3398,unrelated,unrelated
3399,agree,agree
3400,unrelated,unrelated
3401,unrelated,unrelated
3402,unrelated,unrelated
3403,unrelated,unrelated
3404,unrelated,unrelated
3405,unrelated,unrelated
3406,unrelated,unrelated
3407,unrelated,unrelated
3408,agree,agree
3409,unrelated,unrelated
3410,unrelated,unrelated
3411,unrelated,unrelated
3412,unrelated,unrelated
3413,unrelated,unrelated
3414,unrelated,unrelated
3415,unrelated,unrelated
3416,unrelated,unrelated
3417,unrelated,unrelated
3418,disagree,disagree
3419,agree,discuss
3420,unrelated,unrelated
3421,agree,agree
3422,unrelated,unrelated
3423,unrelated,unrelated
3424,unrelated,unrelated
3425,agree,agree
3426,unrelated,unrelated
3427,unrelated,unrelated
3428,unrelated,unrelated
3429,disagree,agree
3430,unrelated,unrelated
3431,unrelated,unrelated
3432,unrelated,unrelated
3433,discuss,disagree
3434,unrelated,unrelated
3435,agree,agree
3436,unrelated,unrelated
3437,unrelated,unrelated
3438,discuss,discuss
3439,unrelated,unrelated
3440,agree,agree
3441,unrelated,unrelated
3442,unrelated,unrelated
3443,unrelated,unrelated
3444,agree,agree
3445,unrelated,unrelated
3446,unrelated,unrelated
3447,unrelated,unrelated
3448,unrelated,unrelated
3449,unrelated,unrelated
3450,disagree,disagree
3451,unrelated,unrelated
3452,unrelated,unrelated
3453,unrelated,unrelated
3454,unrelated,unrelated
3455,unrelated,unrelated
3456,agree,agree
3457,agree,agree
3458,unrelated,unrelated
3459,unrelated,unrelated
3460,unrelated,unrelated
3461,unrelated,unrelated
3462,unrelated,unrelated
3463,agree,agree
3464,unrelated,unrelated
3465,unrelated,unrelated
3466,unrelated,unrelated
3467,unrelated,unrelated
3468,unrelated,unrelated
3469,unrelated,unrelated
3470,unrelated,unrelated
3471,unrelated,unrelated
3472,unrelated,unrelated
3473,agree,agree
3474,unrelated,unrelated
3475,unrelated,unrelated
3476,unrelated,unrelated
3477,unrelated,unrelated
3478,unrelated,unrelated
3479,unrelated,unrelated
3480,unrelated,unrelated
3481,unrelated,unrelated
3482,discuss,agree
3483,unrelated,unrelated
3484,unrelated,unrelated
3485,unrelated,unrelated
3486,unrelated,unrelated
3487,unrelated,unrelated
3488,unrelated,unrelated
3489,discuss,agree
3490,unrelated,unrelated
3491,unrelated,unrelated
3492,agree,agree
3493,unrelated,unrelated
3494,unrelated,unrelated
3495,unrelated,unrelated
3496,unrelated,unrelated
3497,unrelated,unrelated
3498,agree,agree
3499,unrelated,unrelated
3500,discuss,disagree
3501,unrelated,unrelated
3502,unrelated,unrelated
3503,unrelated,unrelated
3504,unrelated,unrelated
3505,unrelated,unrelated
3506,unrelated,unrelated
3507,disagree,disagree
3508,unrelated,unrelated
3509,unrelated,unrelated
3510,agree,agree
3511,unrelated,unrelated
3512,agree,agree
3513,unrelated,unrelated
3514,unrelated,unrelated
3515,unrelated,unrelated
3516,unrelated,unrelated
3517,agree,agree
3518,unrelated,unrelated
3519,unrelated,unrelated
3520,unrelated,unrelated
3521,unrelated,unrelated
3522,unrelated,unrelated
3523,unrelated,unrelated
3524,unrelated,unrelated
3525,discuss,discuss
3526,unrelated,unrelated
3527,unrelated,unrelated
3528,unrelated,unrelated
3529,unrelated,unrelated
3530,unrelated,unrelated
3531,unrelated,unrelated
3532,unrelated,unrelated
3533,unrelated,unrelated
3534,disagree,disagree
3535,unrelated,unrelated
3536,unrelated,unrelated
3537,unrelated,unrelated
3538,unrelated,unrelated
3539,unrelated,unrelated
3540,unrelated,unrelated
3541,unrelated,unrelated
3542,unrelated,unrelated
3543,unrelated,unrelated
3544,unrelated,unrelated
3545,unrelated,unrelated
3546,unrelated,unrelated
3547,unrelated,unrelated
3548,unrelated,unrelated
3549,unrelated,unrelated
3550,unrelated,unrelated
3551,unrelated,unrelated
3552,unrelated,unrelated
3553,unrelated,unrelated
3554,unrelated,unrelated
3555,unrelated,unrelated
3556,unrelated,unrelated
3557,unrelated,unrelated
3558,unrelated,unrelated
3559,unrelated,unrelated
3560,unrelated,unrelated
3561,unrelated,unrelated
3562,unrelated,unrelated
3563,unrelated,unrelated
3564,unrelated,unrelated
3565,unrelated,unrelated
3566,unrelated,unrelated
3567,unrelated,unrelated
3568,unrelated,unrelated
3569,discuss,agree
3570,unrelated,unrelated
3571,unrelated,unrelated
3572,unrelated,unrelated
3573,unrelated,unrelated
3574,unrelated,unrelated
3575,unrelated,unrelated
3576,unrelated,unrelated
3577,unrelated,unrelated
3578,unrelated,unrelated
3579,unrelated,unrelated
3580,unrelated,unrelated
3581,unrelated,unrelated
3582,unrelated,unrelated
3583,unrelated,unrelated
3584,unrelated,unrelated
3585,agree,agree
3586,disagree,disagree
3587,agree,agree
3588,disagree,unrelated
3589,agree,agree
3590,agree,agree
3591,agree,agree
3592,agree,agree
3593,agree,agree
3594,agree,agree
3595,discuss,discuss
3596,agree,agree
3597,agree,agree
3598,agree,agree
3599,agree,agree
3600,agree,agree
3601,agree,agree
3602,discuss,agree
3603,agree,agree
3604,agree,agree
3605,agree,agree
3606,agree,agree
3607,agree,agree
3608,agree,agree
3609,unrelated,unrelated
3610,unrelated,unrelated
3611,agree,agree
3612,unrelated,unrelated
3613,unrelated,unrelated
3614,unrelated,unrelated
3615,unrelated,unrelated
3616,unrelated,unrelated
3617,agree,agree
3618,agree,agree
3619,unrelated,unrelated
3620,agree,agree
3621,unrelated,unrelated
3622,unrelated,unrelated
3623,unrelated,unrelated
3624,unrelated,unrelated
3625,unrelated,unrelated
3626,unrelated,unrelated
3627,unrelated,unrelated
3628,unrelated,unrelated
3629,agree,agree
3630,agree,agree
3631,unrelated,unrelated
3632,unrelated,unrelated
3633,unrelated,unrelated
3634,agree,agree
3635,unrelated,unrelated
3636,unrelated,unrelated
3637,unrelated,unrelated
3638,unrelated,unrelated
3639,unrelated,unrelated
3640,unrelated,unrelated
3641,unrelated,unrelated
3642,discuss,agree
3643,discuss,agree
3644,discuss,agree
3645,discuss,discuss
3646,discuss,discuss
3647,unrelated,unrelated
3648,unrelated,unrelated
3649,unrelated,unrelated
3650,discuss,discuss
3651,discuss,discuss
3652,discuss,discuss
3653,discuss,discuss
3654,discuss,discuss
3655,unrelated,unrelated
3656,discuss,discuss
3657,unrelated,unrelated
3658,unrelated,unrelated
3659,discuss,discuss
3660,unrelated,unrelated
3661,unrelated,unrelated
3662,unrelated,unrelated
3663,unrelated,unrelated
3664,unrelated,unrelated
3665,unrelated,unrelated
3666,unrelated,unrelated
3667,unrelated,unrelated
3668,unrelated,unrelated
3669,unrelated,unrelated
3670,unrelated,unrelated
3671,unrelated,unrelated
3672,discuss,discuss
3673,discuss,discuss
3674,discuss,discuss
3675,discuss,discuss
3676,discuss,discuss
3677,discuss,discuss
3678,discuss,discuss
3679,discuss,discuss
3680,discuss,discuss
3681,discuss,discuss
3682,discuss,discuss
3683,discuss,discuss
3684,discuss,discuss
3685,discuss,discuss
3686,discuss,discuss
3687,discuss,discuss
3688,discuss,discuss
3689,discuss,discuss
3690,discuss,discuss
3691,discuss,discuss
3692,discuss,discuss
3693,discuss,discuss
3694,discuss,discuss
3695,discuss,discuss
3696,discuss,discuss
3697,discuss,discuss
3698,discuss,discuss
3699,discuss,discuss
3700,discuss,discuss
3701,discuss,discuss
3702,unrelated,unrelated
3703,unrelated,unrelated
3704,discuss,discuss
3705,unrelated,unrelated
3706,unrelated,unrelated
3707,unrelated,unrelated
3708,unrelated,unrelated
3709,unrelated,unrelated
3710,unrelated,unrelated
3711,discuss,discuss
3712,discuss,discuss
3713,unrelated,unrelated
3714,unrelated,unrelated
3715,unrelated,unrelated
3716,unrelated,unrelated
3717,unrelated,unrelated
3718,discuss,unrelated
3719,unrelated,unrelated
3720,unrelated,unrelated
3721,unrelated,unrelated
3722,unrelated,unrelated
3723,unrelated,unrelated
3724,unrelated,unrelated
3725,unrelated,unrelated
3726,unrelated,unrelated
3727,unrelated,unrelated
3728,discuss,unrelated
3729,discuss,discuss
3730,discuss,discuss
3731,unrelated,unrelated
3732,unrelated,unrelated
3733,unrelated,unrelated
3734,unrelated,unrelated
3735,unrelated,unrelated
3736,unrelated,unrelated
3737,unrelated,unrelated
3738,unrelated,unrelated
3739,unrelated,unrelated
3740,unrelated,unrelated
3741,discuss,unrelated
3742,unrelated,unrelated
3743,unrelated,unrelated
3744,unrelated,unrelated
3745,unrelated,unrelated
3746,unrelated,unrelated
3747,unrelated,unrelated
3748,unrelated,unrelated
3749,unrelated,unrelated
3750,unrelated,unrelated
3751,unrelated,unrelated
3752,unrelated,unrelated
3753,unrelated,unrelated
3754,unrelated,unrelated
3755,unrelated,unrelated
3756,unrelated,unrelated
3757,discuss,discuss
3758,unrelated,unrelated
3759,unrelated,unrelated
3760,unrelated,unrelated
3761,unrelated,unrelated
3762,unrelated,unrelated
3763,unrelated,unrelated
3764,unrelated,unrelated
3765,unrelated,unrelated
3766,unrelated,unrelated
3767,unrelated,unrelated
3768,unrelated,unrelated
3769,unrelated,unrelated
3770,unrelated,unrelated
3771,unrelated,unrelated
3772,unrelated,unrelated
3773,unrelated,unrelated
3774,unrelated,unrelated
3775,unrelated,unrelated
3776,unrelated,unrelated
3777,unrelated,unrelated
3778,unrelated,unrelated
3779,unrelated,unrelated
3780,unrelated,unrelated
3781,unrelated,unrelated
3782,unrelated,unrelated
3783,unrelated,unrelated
3784,unrelated,unrelated
3785,unrelated,unrelated
3786,unrelated,unrelated
3787,unrelated,unrelated
3788,unrelated,unrelated
3789,unrelated,unrelated
3790,unrelated,unrelated
3791,unrelated,unrelated
3792,unrelated,unrelated
3793,unrelated,unrelated
3794,unrelated,unrelated
3795,unrelated,unrelated
3796,unrelated,unrelated
3797,unrelated,unrelated
3798,unrelated,unrelated
3799,discuss,discuss
3800,unrelated,unrelated
3801,unrelated,unrelated
3802,unrelated,unrelated
3803,unrelated,unrelated
3804,unrelated,unrelated
3805,unrelated,unrelated
3806,unrelated,unrelated
3807,discuss,discuss
3808,unrelated,unrelated
3809,unrelated,unrelated
3810,unrelated,unrelated
3811,unrelated,unrelated
3812,unrelated,unrelated
3813,unrelated,unrelated
3814,unrelated,unrelated
3815,unrelated,unrelated
3816,unrelated,unrelated
3817,unrelated,unrelated
3818,unrelated,unrelated
3819,unrelated,unrelated
3820,unrelated,unrelated
3821,unrelated,unrelated
3822,discuss,agree
3823,discuss,agree
3824,unrelated,unrelated
3825,unrelated,unrelated
3826,unrelated,unrelated
3827,unrelated,unrelated
3828,unrelated,unrelated
3829,unrelated,unrelated
3830,unrelated,unrelated
3831,unrelated,unrelated
3832,unrelated,unrelated
3833,discuss,agree
3834,unrelated,unrelated
3835,unrelated,unrelated
3836,unrelated,unrelated
3837,unrelated,unrelated
3838,discuss,agree
3839,unrelated,unrelated
3840,unrelated,unrelated
3841,unrelated,unrelated
3842,unrelated,unrelated
3843,unrelated,unrelated
3844,unrelated,unrelated
3845,unrelated,unrelated
3846,discuss,agree
3847,unrelated,unrelated
3848,unrelated,unrelated
3849,discuss,agree
3850,unrelated,unrelated
3851,unrelated,unrelated
3852,unrelated,discuss
3853,unrelated,unrelated
3854,discuss,agree
3855,unrelated,unrelated
3856,unrelated,unrelated
3857,unrelated,unrelated
3858,unrelated,unrelated
3859,unrelated,unrelated
3860,unrelated,unrelated
3861,unrelated,unrelated
3862,unrelated,unrelated
3863,discuss,discuss
3864,unrelated,unrelated
3865,unrelated,unrelated
3866,unrelated,unrelated
3867,unrelated,unrelated
3868,unrelated,unrelated
3869,unrelated,unrelated
3870,unrelated,unrelated
3871,unrelated,unrelated
3872,unrelated,agree
3873,unrelated,unrelated
3874,discuss,agree
3875,unrelated,unrelated
3876,unrelated,unrelated
3877,unrelated,unrelated
3878,discuss,agree
3879,unrelated,unrelated
3880,unrelated,unrelated
3881,unrelated,unrelated
3882,discuss,agree
3883,discuss,disagree
3884,unrelated,unrelated
3885,unrelated,unrelated
3886,unrelated,unrelated
3887,unrelated,unrelated
3888,unrelated,unrelated
3889,unrelated,unrelated
3890,unrelated,unrelated
3891,unrelated,unrelated
3892,unrelated,unrelated
3893,unrelated,unrelated
3894,unrelated,unrelated
3895,discuss,agree
3896,unrelated,unrelated
3897,unrelated,unrelated
3898,unrelated,unrelated
3899,unrelated,unrelated
3900,unrelated,unrelated
3901,unrelated,unrelated
3902,unrelated,unrelated
3903,unrelated,unrelated
3904,unrelated,unrelated
3905,unrelated,unrelated
3906,unrelated,unrelated
3907,unrelated,unrelated
3908,discuss,agree
3909,unrelated,unrelated
3910,unrelated,unrelated
3911,discuss,agree
3912,unrelated,unrelated
3913,unrelated,unrelated
3914,unrelated,unrelated
3915,discuss,discuss
3916,unrelated,unrelated
3917,unrelated,unrelated
3918,unrelated,unrelated
3919,unrelated,unrelated
3920,unrelated,unrelated
3921,unrelated,unrelated
3922,unrelated,unrelated
3923,unrelated,unrelated
3924,unrelated,unrelated
3925,unrelated,unrelated
3926,unrelated,unrelated
3927,unrelated,unrelated
3928,unrelated,unrelated
3929,unrelated,unrelated
3930,unrelated,unrelated
3931,unrelated,unrelated
3932,unrelated,unrelated
3933,discuss,discuss
